mbox1_user1@zmc.com,abc@123,mbox1_user2@zmc.com
mbox1_user2@zmc.com,abc@123,mbox1_user3@zmc.com
mbox1_user3@zmc.com,abc@123,mbox1_user4@zmc.com
mbox1_user4@zmc.com,abc@123,mbox1_user5@zmc.com
mbox1_user5@zmc.com,abc@123,mbox1_user6@zmc.com
mbox1_user6@zmc.com,abc@123,mbox1_user7@zmc.com
mbox1_user7@zmc.com,abc@123,mbox1_user8@zmc.com
mbox1_user8@zmc.com,abc@123,mbox1_user9@zmc.com
mbox1_user9@zmc.com,abc@123,mbox1_user10@zmc.com
mbox1_user10@zmc.com,abc@123,mbox1_user11@zmc.com
mbox1_user11@zmc.com,abc@123,mbox1_user12@zmc.com
mbox1_user12@zmc.com,abc@123,mbox1_user13@zmc.com
mbox1_user13@zmc.com,abc@123,mbox1_user14@zmc.com
mbox1_user14@zmc.com,abc@123,mbox1_user15@zmc.com
mbox1_user15@zmc.com,abc@123,mbox1_user16@zmc.com
mbox1_user16@zmc.com,abc@123,mbox1_user17@zmc.com
mbox1_user17@zmc.com,abc@123,mbox1_user18@zmc.com
mbox1_user18@zmc.com,abc@123,mbox1_user19@zmc.com
mbox1_user19@zmc.com,abc@123,mbox1_user20@zmc.com
mbox1_user20@zmc.com,abc@123,mbox1_user21@zmc.com
mbox1_user21@zmc.com,abc@123,mbox1_user22@zmc.com
mbox1_user22@zmc.com,abc@123,mbox1_user23@zmc.com
mbox1_user23@zmc.com,abc@123,mbox1_user24@zmc.com
mbox1_user24@zmc.com,abc@123,mbox1_user25@zmc.com
mbox1_user25@zmc.com,abc@123,mbox1_user26@zmc.com
mbox1_user26@zmc.com,abc@123,mbox1_user27@zmc.com
mbox1_user27@zmc.com,abc@123,mbox1_user28@zmc.com
mbox1_user28@zmc.com,abc@123,mbox1_user29@zmc.com
mbox1_user29@zmc.com,abc@123,mbox1_user30@zmc.com
mbox1_user30@zmc.com,abc@123,mbox1_user31@zmc.com
mbox1_user31@zmc.com,abc@123,mbox1_user32@zmc.com
mbox1_user32@zmc.com,abc@123,mbox1_user33@zmc.com
mbox1_user33@zmc.com,abc@123,mbox1_user34@zmc.com
mbox1_user34@zmc.com,abc@123,mbox1_user35@zmc.com
mbox1_user35@zmc.com,abc@123,mbox1_user36@zmc.com
mbox1_user36@zmc.com,abc@123,mbox1_user37@zmc.com
mbox1_user37@zmc.com,abc@123,mbox1_user38@zmc.com
mbox1_user38@zmc.com,abc@123,mbox1_user39@zmc.com
mbox1_user39@zmc.com,abc@123,mbox1_user40@zmc.com
mbox1_user40@zmc.com,abc@123,mbox1_user41@zmc.com
mbox1_user41@zmc.com,abc@123,mbox1_user42@zmc.com
mbox1_user42@zmc.com,abc@123,mbox1_user43@zmc.com
mbox1_user43@zmc.com,abc@123,mbox1_user44@zmc.com
mbox1_user44@zmc.com,abc@123,mbox1_user45@zmc.com
mbox1_user45@zmc.com,abc@123,mbox1_user46@zmc.com
mbox1_user46@zmc.com,abc@123,mbox1_user47@zmc.com
mbox1_user47@zmc.com,abc@123,mbox1_user48@zmc.com
mbox1_user48@zmc.com,abc@123,mbox1_user49@zmc.com
mbox1_user49@zmc.com,abc@123,mbox1_user50@zmc.com
mbox1_user50@zmc.com,abc@123,mbox1_user51@zmc.com
mbox1_user51@zmc.com,abc@123,mbox1_user52@zmc.com
mbox1_user52@zmc.com,abc@123,mbox1_user53@zmc.com
mbox1_user53@zmc.com,abc@123,mbox1_user54@zmc.com
mbox1_user54@zmc.com,abc@123,mbox1_user55@zmc.com
mbox1_user55@zmc.com,abc@123,mbox1_user56@zmc.com
mbox1_user56@zmc.com,abc@123,mbox1_user57@zmc.com
mbox1_user57@zmc.com,abc@123,mbox1_user58@zmc.com
mbox1_user58@zmc.com,abc@123,mbox1_user59@zmc.com
mbox1_user59@zmc.com,abc@123,mbox1_user60@zmc.com
mbox1_user60@zmc.com,abc@123,mbox1_user61@zmc.com
mbox1_user61@zmc.com,abc@123,mbox1_user62@zmc.com
mbox1_user62@zmc.com,abc@123,mbox1_user63@zmc.com
mbox1_user63@zmc.com,abc@123,mbox1_user64@zmc.com
mbox1_user64@zmc.com,abc@123,mbox1_user65@zmc.com
mbox1_user65@zmc.com,abc@123,mbox1_user66@zmc.com
mbox1_user66@zmc.com,abc@123,mbox1_user67@zmc.com
mbox1_user67@zmc.com,abc@123,mbox1_user68@zmc.com
mbox1_user68@zmc.com,abc@123,mbox1_user69@zmc.com
mbox1_user69@zmc.com,abc@123,mbox1_user70@zmc.com
mbox1_user70@zmc.com,abc@123,mbox1_user71@zmc.com
mbox1_user71@zmc.com,abc@123,mbox1_user72@zmc.com
mbox1_user72@zmc.com,abc@123,mbox1_user73@zmc.com
mbox1_user73@zmc.com,abc@123,mbox1_user74@zmc.com
mbox1_user74@zmc.com,abc@123,mbox1_user75@zmc.com
mbox1_user75@zmc.com,abc@123,mbox1_user76@zmc.com
mbox1_user76@zmc.com,abc@123,mbox1_user77@zmc.com
mbox1_user77@zmc.com,abc@123,mbox1_user78@zmc.com
mbox1_user78@zmc.com,abc@123,mbox1_user79@zmc.com
mbox1_user79@zmc.com,abc@123,mbox1_user80@zmc.com
mbox1_user80@zmc.com,abc@123,mbox1_user81@zmc.com
mbox1_user81@zmc.com,abc@123,mbox1_user82@zmc.com
mbox1_user82@zmc.com,abc@123,mbox1_user83@zmc.com
mbox1_user83@zmc.com,abc@123,mbox1_user84@zmc.com
mbox1_user84@zmc.com,abc@123,mbox1_user85@zmc.com
mbox1_user85@zmc.com,abc@123,mbox1_user86@zmc.com
mbox1_user86@zmc.com,abc@123,mbox1_user87@zmc.com
mbox1_user87@zmc.com,abc@123,mbox1_user88@zmc.com
mbox1_user88@zmc.com,abc@123,mbox1_user89@zmc.com
mbox1_user89@zmc.com,abc@123,mbox1_user90@zmc.com
mbox1_user90@zmc.com,abc@123,mbox1_user91@zmc.com
mbox1_user91@zmc.com,abc@123,mbox1_user92@zmc.com
mbox1_user92@zmc.com,abc@123,mbox1_user93@zmc.com
mbox1_user93@zmc.com,abc@123,mbox1_user94@zmc.com
mbox1_user94@zmc.com,abc@123,mbox1_user95@zmc.com
mbox1_user95@zmc.com,abc@123,mbox1_user96@zmc.com
mbox1_user96@zmc.com,abc@123,mbox1_user97@zmc.com
mbox1_user97@zmc.com,abc@123,mbox1_user98@zmc.com
mbox1_user98@zmc.com,abc@123,mbox1_user99@zmc.com
mbox1_user99@zmc.com,abc@123,mbox1_user100@zmc.com
mbox1_user100@zmc.com,abc@123,mbox1_user101@zmc.com
mbox1_user101@zmc.com,abc@123,mbox1_user102@zmc.com
mbox1_user102@zmc.com,abc@123,mbox1_user103@zmc.com
mbox1_user103@zmc.com,abc@123,mbox1_user104@zmc.com
mbox1_user104@zmc.com,abc@123,mbox1_user105@zmc.com
mbox1_user105@zmc.com,abc@123,mbox1_user106@zmc.com
mbox1_user106@zmc.com,abc@123,mbox1_user107@zmc.com
mbox1_user107@zmc.com,abc@123,mbox1_user108@zmc.com
mbox1_user108@zmc.com,abc@123,mbox1_user109@zmc.com
mbox1_user109@zmc.com,abc@123,mbox1_user110@zmc.com
mbox1_user110@zmc.com,abc@123,mbox1_user111@zmc.com
mbox1_user111@zmc.com,abc@123,mbox1_user112@zmc.com
mbox1_user112@zmc.com,abc@123,mbox1_user113@zmc.com
mbox1_user113@zmc.com,abc@123,mbox1_user114@zmc.com
mbox1_user114@zmc.com,abc@123,mbox1_user115@zmc.com
mbox1_user115@zmc.com,abc@123,mbox1_user116@zmc.com
mbox1_user116@zmc.com,abc@123,mbox1_user117@zmc.com
mbox1_user117@zmc.com,abc@123,mbox1_user118@zmc.com
mbox1_user118@zmc.com,abc@123,mbox1_user119@zmc.com
mbox1_user119@zmc.com,abc@123,mbox1_user120@zmc.com
mbox1_user120@zmc.com,abc@123,mbox1_user121@zmc.com
mbox1_user121@zmc.com,abc@123,mbox1_user122@zmc.com
mbox1_user122@zmc.com,abc@123,mbox1_user123@zmc.com
mbox1_user123@zmc.com,abc@123,mbox1_user124@zmc.com
mbox1_user124@zmc.com,abc@123,mbox1_user125@zmc.com
mbox1_user125@zmc.com,abc@123,mbox1_user126@zmc.com
mbox1_user126@zmc.com,abc@123,mbox1_user127@zmc.com
mbox1_user127@zmc.com,abc@123,mbox1_user128@zmc.com
mbox1_user128@zmc.com,abc@123,mbox1_user129@zmc.com
mbox1_user129@zmc.com,abc@123,mbox1_user130@zmc.com
mbox1_user130@zmc.com,abc@123,mbox1_user131@zmc.com
mbox1_user131@zmc.com,abc@123,mbox1_user132@zmc.com
mbox1_user132@zmc.com,abc@123,mbox1_user133@zmc.com
mbox1_user133@zmc.com,abc@123,mbox1_user134@zmc.com
mbox1_user134@zmc.com,abc@123,mbox1_user135@zmc.com
mbox1_user135@zmc.com,abc@123,mbox1_user136@zmc.com
mbox1_user136@zmc.com,abc@123,mbox1_user137@zmc.com
mbox1_user137@zmc.com,abc@123,mbox1_user138@zmc.com
mbox1_user138@zmc.com,abc@123,mbox1_user139@zmc.com
mbox1_user139@zmc.com,abc@123,mbox1_user140@zmc.com
mbox1_user140@zmc.com,abc@123,mbox1_user141@zmc.com
mbox1_user141@zmc.com,abc@123,mbox1_user142@zmc.com
mbox1_user142@zmc.com,abc@123,mbox1_user143@zmc.com
mbox1_user143@zmc.com,abc@123,mbox1_user144@zmc.com
mbox1_user144@zmc.com,abc@123,mbox1_user145@zmc.com
mbox1_user145@zmc.com,abc@123,mbox1_user146@zmc.com
mbox1_user146@zmc.com,abc@123,mbox1_user147@zmc.com
mbox1_user147@zmc.com,abc@123,mbox1_user148@zmc.com
mbox1_user148@zmc.com,abc@123,mbox1_user149@zmc.com
mbox1_user149@zmc.com,abc@123,mbox1_user150@zmc.com
mbox1_user150@zmc.com,abc@123,mbox1_user151@zmc.com
mbox1_user151@zmc.com,abc@123,mbox1_user152@zmc.com
mbox1_user152@zmc.com,abc@123,mbox1_user153@zmc.com
mbox1_user153@zmc.com,abc@123,mbox1_user154@zmc.com
mbox1_user154@zmc.com,abc@123,mbox1_user155@zmc.com
mbox1_user155@zmc.com,abc@123,mbox1_user156@zmc.com
mbox1_user156@zmc.com,abc@123,mbox1_user157@zmc.com
mbox1_user157@zmc.com,abc@123,mbox1_user158@zmc.com
mbox1_user158@zmc.com,abc@123,mbox1_user159@zmc.com
mbox1_user159@zmc.com,abc@123,mbox1_user160@zmc.com
mbox1_user160@zmc.com,abc@123,mbox1_user161@zmc.com
mbox1_user161@zmc.com,abc@123,mbox1_user162@zmc.com
mbox1_user162@zmc.com,abc@123,mbox1_user163@zmc.com
mbox1_user163@zmc.com,abc@123,mbox1_user164@zmc.com
mbox1_user164@zmc.com,abc@123,mbox1_user165@zmc.com
mbox1_user165@zmc.com,abc@123,mbox1_user166@zmc.com
mbox1_user166@zmc.com,abc@123,mbox1_user167@zmc.com
mbox1_user167@zmc.com,abc@123,mbox1_user168@zmc.com
mbox1_user168@zmc.com,abc@123,mbox1_user169@zmc.com
mbox1_user169@zmc.com,abc@123,mbox1_user170@zmc.com
mbox1_user170@zmc.com,abc@123,mbox1_user171@zmc.com
mbox1_user171@zmc.com,abc@123,mbox1_user172@zmc.com
mbox1_user172@zmc.com,abc@123,mbox1_user173@zmc.com
mbox1_user173@zmc.com,abc@123,mbox1_user174@zmc.com
mbox1_user174@zmc.com,abc@123,mbox1_user175@zmc.com
mbox1_user175@zmc.com,abc@123,mbox1_user176@zmc.com
mbox1_user176@zmc.com,abc@123,mbox1_user177@zmc.com
mbox1_user177@zmc.com,abc@123,mbox1_user178@zmc.com
mbox1_user178@zmc.com,abc@123,mbox1_user179@zmc.com
mbox1_user179@zmc.com,abc@123,mbox1_user180@zmc.com
mbox1_user180@zmc.com,abc@123,mbox1_user181@zmc.com
mbox1_user181@zmc.com,abc@123,mbox1_user182@zmc.com
mbox1_user182@zmc.com,abc@123,mbox1_user183@zmc.com
mbox1_user183@zmc.com,abc@123,mbox1_user184@zmc.com
mbox1_user184@zmc.com,abc@123,mbox1_user185@zmc.com
mbox1_user185@zmc.com,abc@123,mbox1_user186@zmc.com
mbox1_user186@zmc.com,abc@123,mbox1_user187@zmc.com
mbox1_user187@zmc.com,abc@123,mbox1_user188@zmc.com
mbox1_user188@zmc.com,abc@123,mbox1_user189@zmc.com
mbox1_user189@zmc.com,abc@123,mbox1_user190@zmc.com
mbox1_user190@zmc.com,abc@123,mbox1_user191@zmc.com
mbox1_user191@zmc.com,abc@123,mbox1_user192@zmc.com
mbox1_user192@zmc.com,abc@123,mbox1_user193@zmc.com
mbox1_user193@zmc.com,abc@123,mbox1_user194@zmc.com
mbox1_user194@zmc.com,abc@123,mbox1_user195@zmc.com
mbox1_user195@zmc.com,abc@123,mbox1_user196@zmc.com
mbox1_user196@zmc.com,abc@123,mbox1_user197@zmc.com
mbox1_user197@zmc.com,abc@123,mbox1_user198@zmc.com
mbox1_user198@zmc.com,abc@123,mbox1_user199@zmc.com
mbox1_user199@zmc.com,abc@123,mbox1_user200@zmc.com
mbox1_user200@zmc.com,abc@123,mbox1_user201@zmc.com
mbox1_user201@zmc.com,abc@123,mbox1_user202@zmc.com
mbox1_user202@zmc.com,abc@123,mbox1_user203@zmc.com
mbox1_user203@zmc.com,abc@123,mbox1_user204@zmc.com
mbox1_user204@zmc.com,abc@123,mbox1_user205@zmc.com
mbox1_user205@zmc.com,abc@123,mbox1_user206@zmc.com
mbox1_user206@zmc.com,abc@123,mbox1_user207@zmc.com
mbox1_user207@zmc.com,abc@123,mbox1_user208@zmc.com
mbox1_user208@zmc.com,abc@123,mbox1_user209@zmc.com
mbox1_user209@zmc.com,abc@123,mbox1_user210@zmc.com
mbox1_user210@zmc.com,abc@123,mbox1_user211@zmc.com
mbox1_user211@zmc.com,abc@123,mbox1_user212@zmc.com
mbox1_user212@zmc.com,abc@123,mbox1_user213@zmc.com
mbox1_user213@zmc.com,abc@123,mbox1_user214@zmc.com
mbox1_user214@zmc.com,abc@123,mbox1_user215@zmc.com
mbox1_user215@zmc.com,abc@123,mbox1_user216@zmc.com
mbox1_user216@zmc.com,abc@123,mbox1_user217@zmc.com
mbox1_user217@zmc.com,abc@123,mbox1_user218@zmc.com
mbox1_user218@zmc.com,abc@123,mbox1_user219@zmc.com
mbox1_user219@zmc.com,abc@123,mbox1_user220@zmc.com
mbox1_user220@zmc.com,abc@123,mbox1_user221@zmc.com
mbox1_user221@zmc.com,abc@123,mbox1_user222@zmc.com
mbox1_user222@zmc.com,abc@123,mbox1_user223@zmc.com
mbox1_user223@zmc.com,abc@123,mbox1_user224@zmc.com
mbox1_user224@zmc.com,abc@123,mbox1_user225@zmc.com
mbox1_user225@zmc.com,abc@123,mbox1_user226@zmc.com
mbox1_user226@zmc.com,abc@123,mbox1_user227@zmc.com
mbox1_user227@zmc.com,abc@123,mbox1_user228@zmc.com
mbox1_user228@zmc.com,abc@123,mbox1_user229@zmc.com
mbox1_user229@zmc.com,abc@123,mbox1_user230@zmc.com
mbox1_user230@zmc.com,abc@123,mbox1_user231@zmc.com
mbox1_user231@zmc.com,abc@123,mbox1_user232@zmc.com
mbox1_user232@zmc.com,abc@123,mbox1_user233@zmc.com
mbox1_user233@zmc.com,abc@123,mbox1_user234@zmc.com
mbox1_user234@zmc.com,abc@123,mbox1_user235@zmc.com
mbox1_user235@zmc.com,abc@123,mbox1_user236@zmc.com
mbox1_user236@zmc.com,abc@123,mbox1_user237@zmc.com
mbox1_user237@zmc.com,abc@123,mbox1_user238@zmc.com
mbox1_user238@zmc.com,abc@123,mbox1_user239@zmc.com
mbox1_user239@zmc.com,abc@123,mbox1_user240@zmc.com
mbox1_user240@zmc.com,abc@123,mbox1_user241@zmc.com
mbox1_user241@zmc.com,abc@123,mbox1_user242@zmc.com
mbox1_user242@zmc.com,abc@123,mbox1_user243@zmc.com
mbox1_user243@zmc.com,abc@123,mbox1_user244@zmc.com
mbox1_user244@zmc.com,abc@123,mbox1_user245@zmc.com
mbox1_user245@zmc.com,abc@123,mbox1_user246@zmc.com
mbox1_user246@zmc.com,abc@123,mbox1_user247@zmc.com
mbox1_user247@zmc.com,abc@123,mbox1_user248@zmc.com
mbox1_user248@zmc.com,abc@123,mbox1_user249@zmc.com
mbox1_user249@zmc.com,abc@123,mbox1_user250@zmc.com
mbox1_user250@zmc.com,abc@123,mbox1_user251@zmc.com
mbox1_user251@zmc.com,abc@123,mbox1_user252@zmc.com
mbox1_user252@zmc.com,abc@123,mbox1_user253@zmc.com
mbox1_user253@zmc.com,abc@123,mbox1_user254@zmc.com
mbox1_user254@zmc.com,abc@123,mbox1_user255@zmc.com
mbox1_user255@zmc.com,abc@123,mbox1_user256@zmc.com
mbox1_user256@zmc.com,abc@123,mbox1_user257@zmc.com
mbox1_user257@zmc.com,abc@123,mbox1_user258@zmc.com
mbox1_user258@zmc.com,abc@123,mbox1_user259@zmc.com
mbox1_user259@zmc.com,abc@123,mbox1_user260@zmc.com
mbox1_user260@zmc.com,abc@123,mbox1_user261@zmc.com
mbox1_user261@zmc.com,abc@123,mbox1_user262@zmc.com
mbox1_user262@zmc.com,abc@123,mbox1_user263@zmc.com
mbox1_user263@zmc.com,abc@123,mbox1_user264@zmc.com
mbox1_user264@zmc.com,abc@123,mbox1_user265@zmc.com
mbox1_user265@zmc.com,abc@123,mbox1_user266@zmc.com
mbox1_user266@zmc.com,abc@123,mbox1_user267@zmc.com
mbox1_user267@zmc.com,abc@123,mbox1_user268@zmc.com
mbox1_user268@zmc.com,abc@123,mbox1_user269@zmc.com
mbox1_user269@zmc.com,abc@123,mbox1_user270@zmc.com
mbox1_user270@zmc.com,abc@123,mbox1_user271@zmc.com
mbox1_user271@zmc.com,abc@123,mbox1_user272@zmc.com
mbox1_user272@zmc.com,abc@123,mbox1_user273@zmc.com
mbox1_user273@zmc.com,abc@123,mbox1_user274@zmc.com
mbox1_user274@zmc.com,abc@123,mbox1_user275@zmc.com
mbox1_user275@zmc.com,abc@123,mbox1_user276@zmc.com
mbox1_user276@zmc.com,abc@123,mbox1_user277@zmc.com
mbox1_user277@zmc.com,abc@123,mbox1_user278@zmc.com
mbox1_user278@zmc.com,abc@123,mbox1_user279@zmc.com
mbox1_user279@zmc.com,abc@123,mbox1_user280@zmc.com
mbox1_user280@zmc.com,abc@123,mbox1_user281@zmc.com
mbox1_user281@zmc.com,abc@123,mbox1_user282@zmc.com
mbox1_user282@zmc.com,abc@123,mbox1_user283@zmc.com
mbox1_user283@zmc.com,abc@123,mbox1_user284@zmc.com
mbox1_user284@zmc.com,abc@123,mbox1_user285@zmc.com
mbox1_user285@zmc.com,abc@123,mbox1_user286@zmc.com
mbox1_user286@zmc.com,abc@123,mbox1_user287@zmc.com
mbox1_user287@zmc.com,abc@123,mbox1_user288@zmc.com
mbox1_user288@zmc.com,abc@123,mbox1_user289@zmc.com
mbox1_user289@zmc.com,abc@123,mbox1_user290@zmc.com
mbox1_user290@zmc.com,abc@123,mbox1_user291@zmc.com
mbox1_user291@zmc.com,abc@123,mbox1_user292@zmc.com
mbox1_user292@zmc.com,abc@123,mbox1_user293@zmc.com
mbox1_user293@zmc.com,abc@123,mbox1_user294@zmc.com
mbox1_user294@zmc.com,abc@123,mbox1_user295@zmc.com
mbox1_user295@zmc.com,abc@123,mbox1_user296@zmc.com
mbox1_user296@zmc.com,abc@123,mbox1_user297@zmc.com
mbox1_user297@zmc.com,abc@123,mbox1_user298@zmc.com
mbox1_user298@zmc.com,abc@123,mbox1_user299@zmc.com
mbox1_user299@zmc.com,abc@123,mbox1_user300@zmc.com
mbox1_user300@zmc.com,abc@123,mbox1_user301@zmc.com
mbox1_user301@zmc.com,abc@123,mbox1_user302@zmc.com
mbox1_user302@zmc.com,abc@123,mbox1_user303@zmc.com
mbox1_user303@zmc.com,abc@123,mbox1_user304@zmc.com
mbox1_user304@zmc.com,abc@123,mbox1_user305@zmc.com
mbox1_user305@zmc.com,abc@123,mbox1_user306@zmc.com
mbox1_user306@zmc.com,abc@123,mbox1_user307@zmc.com
mbox1_user307@zmc.com,abc@123,mbox1_user308@zmc.com
mbox1_user308@zmc.com,abc@123,mbox1_user309@zmc.com
mbox1_user309@zmc.com,abc@123,mbox1_user310@zmc.com
mbox1_user310@zmc.com,abc@123,mbox1_user311@zmc.com
mbox1_user311@zmc.com,abc@123,mbox1_user312@zmc.com
mbox1_user312@zmc.com,abc@123,mbox1_user313@zmc.com
mbox1_user313@zmc.com,abc@123,mbox1_user314@zmc.com
mbox1_user314@zmc.com,abc@123,mbox1_user315@zmc.com
mbox1_user315@zmc.com,abc@123,mbox1_user316@zmc.com
mbox1_user316@zmc.com,abc@123,mbox1_user317@zmc.com
mbox1_user317@zmc.com,abc@123,mbox1_user318@zmc.com
mbox1_user318@zmc.com,abc@123,mbox1_user319@zmc.com
mbox1_user319@zmc.com,abc@123,mbox1_user320@zmc.com
mbox1_user320@zmc.com,abc@123,mbox1_user321@zmc.com
mbox1_user321@zmc.com,abc@123,mbox1_user322@zmc.com
mbox1_user322@zmc.com,abc@123,mbox1_user323@zmc.com
mbox1_user323@zmc.com,abc@123,mbox1_user324@zmc.com
mbox1_user324@zmc.com,abc@123,mbox1_user325@zmc.com
mbox1_user325@zmc.com,abc@123,mbox1_user326@zmc.com
mbox1_user326@zmc.com,abc@123,mbox1_user327@zmc.com
mbox1_user327@zmc.com,abc@123,mbox1_user328@zmc.com
mbox1_user328@zmc.com,abc@123,mbox1_user329@zmc.com
mbox1_user329@zmc.com,abc@123,mbox1_user330@zmc.com
mbox1_user330@zmc.com,abc@123,mbox1_user331@zmc.com
mbox1_user331@zmc.com,abc@123,mbox1_user332@zmc.com
mbox1_user332@zmc.com,abc@123,mbox1_user333@zmc.com
mbox1_user333@zmc.com,abc@123,mbox1_user334@zmc.com
mbox1_user334@zmc.com,abc@123,mbox1_user335@zmc.com
mbox1_user335@zmc.com,abc@123,mbox1_user336@zmc.com
mbox1_user336@zmc.com,abc@123,mbox1_user337@zmc.com
mbox1_user337@zmc.com,abc@123,mbox1_user338@zmc.com
mbox1_user338@zmc.com,abc@123,mbox1_user339@zmc.com
mbox1_user339@zmc.com,abc@123,mbox1_user340@zmc.com
mbox1_user340@zmc.com,abc@123,mbox1_user341@zmc.com
mbox1_user341@zmc.com,abc@123,mbox1_user342@zmc.com
mbox1_user342@zmc.com,abc@123,mbox1_user343@zmc.com
mbox1_user343@zmc.com,abc@123,mbox1_user344@zmc.com
mbox1_user344@zmc.com,abc@123,mbox1_user345@zmc.com
mbox1_user345@zmc.com,abc@123,mbox1_user346@zmc.com
mbox1_user346@zmc.com,abc@123,mbox1_user347@zmc.com
mbox1_user347@zmc.com,abc@123,mbox1_user348@zmc.com
mbox1_user348@zmc.com,abc@123,mbox1_user349@zmc.com
mbox1_user349@zmc.com,abc@123,mbox1_user350@zmc.com
mbox1_user350@zmc.com,abc@123,mbox1_user351@zmc.com
mbox1_user351@zmc.com,abc@123,mbox1_user352@zmc.com
mbox1_user352@zmc.com,abc@123,mbox1_user353@zmc.com
mbox1_user353@zmc.com,abc@123,mbox1_user354@zmc.com
mbox1_user354@zmc.com,abc@123,mbox1_user355@zmc.com
mbox1_user355@zmc.com,abc@123,mbox1_user356@zmc.com
mbox1_user356@zmc.com,abc@123,mbox1_user357@zmc.com
mbox1_user357@zmc.com,abc@123,mbox1_user358@zmc.com
mbox1_user358@zmc.com,abc@123,mbox1_user359@zmc.com
mbox1_user359@zmc.com,abc@123,mbox1_user360@zmc.com
mbox1_user360@zmc.com,abc@123,mbox1_user361@zmc.com
mbox1_user361@zmc.com,abc@123,mbox1_user362@zmc.com
mbox1_user362@zmc.com,abc@123,mbox1_user363@zmc.com
mbox1_user363@zmc.com,abc@123,mbox1_user364@zmc.com
mbox1_user364@zmc.com,abc@123,mbox1_user365@zmc.com
mbox1_user365@zmc.com,abc@123,mbox1_user366@zmc.com
mbox1_user366@zmc.com,abc@123,mbox1_user367@zmc.com
mbox1_user367@zmc.com,abc@123,mbox1_user368@zmc.com
mbox1_user368@zmc.com,abc@123,mbox1_user369@zmc.com
mbox1_user369@zmc.com,abc@123,mbox1_user370@zmc.com
mbox1_user370@zmc.com,abc@123,mbox1_user371@zmc.com
mbox1_user371@zmc.com,abc@123,mbox1_user372@zmc.com
mbox1_user372@zmc.com,abc@123,mbox1_user373@zmc.com
mbox1_user373@zmc.com,abc@123,mbox1_user374@zmc.com
mbox1_user374@zmc.com,abc@123,mbox1_user375@zmc.com
mbox1_user375@zmc.com,abc@123,mbox1_user376@zmc.com
mbox1_user376@zmc.com,abc@123,mbox1_user377@zmc.com
mbox1_user377@zmc.com,abc@123,mbox1_user378@zmc.com
mbox1_user378@zmc.com,abc@123,mbox1_user379@zmc.com
mbox1_user379@zmc.com,abc@123,mbox1_user380@zmc.com
mbox1_user380@zmc.com,abc@123,mbox1_user381@zmc.com
mbox1_user381@zmc.com,abc@123,mbox1_user382@zmc.com
mbox1_user382@zmc.com,abc@123,mbox1_user383@zmc.com
mbox1_user383@zmc.com,abc@123,mbox1_user384@zmc.com
mbox1_user384@zmc.com,abc@123,mbox1_user385@zmc.com
mbox1_user385@zmc.com,abc@123,mbox1_user386@zmc.com
mbox1_user386@zmc.com,abc@123,mbox1_user387@zmc.com
mbox1_user387@zmc.com,abc@123,mbox1_user388@zmc.com
mbox1_user388@zmc.com,abc@123,mbox1_user389@zmc.com
mbox1_user389@zmc.com,abc@123,mbox1_user390@zmc.com
mbox1_user390@zmc.com,abc@123,mbox1_user391@zmc.com
mbox1_user391@zmc.com,abc@123,mbox1_user392@zmc.com
mbox1_user392@zmc.com,abc@123,mbox1_user393@zmc.com
mbox1_user393@zmc.com,abc@123,mbox1_user394@zmc.com
mbox1_user394@zmc.com,abc@123,mbox1_user395@zmc.com
mbox1_user395@zmc.com,abc@123,mbox1_user396@zmc.com
mbox1_user396@zmc.com,abc@123,mbox1_user397@zmc.com
mbox1_user397@zmc.com,abc@123,mbox1_user398@zmc.com
mbox1_user398@zmc.com,abc@123,mbox1_user399@zmc.com
mbox1_user399@zmc.com,abc@123,mbox1_user400@zmc.com
mbox1_user400@zmc.com,abc@123,mbox1_user401@zmc.com
mbox1_user401@zmc.com,abc@123,mbox1_user402@zmc.com
mbox1_user402@zmc.com,abc@123,mbox1_user403@zmc.com
mbox1_user403@zmc.com,abc@123,mbox1_user404@zmc.com
mbox1_user404@zmc.com,abc@123,mbox1_user405@zmc.com
mbox1_user405@zmc.com,abc@123,mbox1_user406@zmc.com
mbox1_user406@zmc.com,abc@123,mbox1_user407@zmc.com
mbox1_user407@zmc.com,abc@123,mbox1_user408@zmc.com
mbox1_user408@zmc.com,abc@123,mbox1_user409@zmc.com
mbox1_user409@zmc.com,abc@123,mbox1_user410@zmc.com
mbox1_user410@zmc.com,abc@123,mbox1_user411@zmc.com
mbox1_user411@zmc.com,abc@123,mbox1_user412@zmc.com
mbox1_user412@zmc.com,abc@123,mbox1_user413@zmc.com
mbox1_user413@zmc.com,abc@123,mbox1_user414@zmc.com
mbox1_user414@zmc.com,abc@123,mbox1_user415@zmc.com
mbox1_user415@zmc.com,abc@123,mbox1_user416@zmc.com
mbox1_user416@zmc.com,abc@123,mbox1_user417@zmc.com
mbox1_user417@zmc.com,abc@123,mbox1_user418@zmc.com
mbox1_user418@zmc.com,abc@123,mbox1_user419@zmc.com
mbox1_user419@zmc.com,abc@123,mbox1_user420@zmc.com
mbox1_user420@zmc.com,abc@123,mbox1_user421@zmc.com
mbox1_user421@zmc.com,abc@123,mbox1_user422@zmc.com
mbox1_user422@zmc.com,abc@123,mbox1_user423@zmc.com
mbox1_user423@zmc.com,abc@123,mbox1_user424@zmc.com
mbox1_user424@zmc.com,abc@123,mbox1_user425@zmc.com
mbox1_user425@zmc.com,abc@123,mbox1_user426@zmc.com
mbox1_user426@zmc.com,abc@123,mbox1_user427@zmc.com
mbox1_user427@zmc.com,abc@123,mbox1_user428@zmc.com
mbox1_user428@zmc.com,abc@123,mbox1_user429@zmc.com
mbox1_user429@zmc.com,abc@123,mbox1_user430@zmc.com
mbox1_user430@zmc.com,abc@123,mbox1_user431@zmc.com
mbox1_user431@zmc.com,abc@123,mbox1_user432@zmc.com
mbox1_user432@zmc.com,abc@123,mbox1_user433@zmc.com
mbox1_user433@zmc.com,abc@123,mbox1_user434@zmc.com
mbox1_user434@zmc.com,abc@123,mbox1_user435@zmc.com
mbox1_user435@zmc.com,abc@123,mbox1_user436@zmc.com
mbox1_user436@zmc.com,abc@123,mbox1_user437@zmc.com
mbox1_user437@zmc.com,abc@123,mbox1_user438@zmc.com
mbox1_user438@zmc.com,abc@123,mbox1_user439@zmc.com
mbox1_user439@zmc.com,abc@123,mbox1_user440@zmc.com
mbox1_user440@zmc.com,abc@123,mbox1_user441@zmc.com
mbox1_user441@zmc.com,abc@123,mbox1_user442@zmc.com
mbox1_user442@zmc.com,abc@123,mbox1_user443@zmc.com
mbox1_user443@zmc.com,abc@123,mbox1_user444@zmc.com
mbox1_user444@zmc.com,abc@123,mbox1_user445@zmc.com
mbox1_user445@zmc.com,abc@123,mbox1_user446@zmc.com
mbox1_user446@zmc.com,abc@123,mbox1_user447@zmc.com
mbox1_user447@zmc.com,abc@123,mbox1_user448@zmc.com
mbox1_user448@zmc.com,abc@123,mbox1_user449@zmc.com
mbox1_user449@zmc.com,abc@123,mbox1_user450@zmc.com
mbox1_user450@zmc.com,abc@123,mbox1_user451@zmc.com
mbox1_user451@zmc.com,abc@123,mbox1_user452@zmc.com
mbox1_user452@zmc.com,abc@123,mbox1_user453@zmc.com
mbox1_user453@zmc.com,abc@123,mbox1_user454@zmc.com
mbox1_user454@zmc.com,abc@123,mbox1_user455@zmc.com
mbox1_user455@zmc.com,abc@123,mbox1_user456@zmc.com
mbox1_user456@zmc.com,abc@123,mbox1_user457@zmc.com
mbox1_user457@zmc.com,abc@123,mbox1_user458@zmc.com
mbox1_user458@zmc.com,abc@123,mbox1_user459@zmc.com
mbox1_user459@zmc.com,abc@123,mbox1_user460@zmc.com
mbox1_user460@zmc.com,abc@123,mbox1_user461@zmc.com
mbox1_user461@zmc.com,abc@123,mbox1_user462@zmc.com
mbox1_user462@zmc.com,abc@123,mbox1_user463@zmc.com
mbox1_user463@zmc.com,abc@123,mbox1_user464@zmc.com
mbox1_user464@zmc.com,abc@123,mbox1_user465@zmc.com
mbox1_user465@zmc.com,abc@123,mbox1_user466@zmc.com
mbox1_user466@zmc.com,abc@123,mbox1_user467@zmc.com
mbox1_user467@zmc.com,abc@123,mbox1_user468@zmc.com
mbox1_user468@zmc.com,abc@123,mbox1_user469@zmc.com
mbox1_user469@zmc.com,abc@123,mbox1_user470@zmc.com
mbox1_user470@zmc.com,abc@123,mbox1_user471@zmc.com
mbox1_user471@zmc.com,abc@123,mbox1_user472@zmc.com
mbox1_user472@zmc.com,abc@123,mbox1_user473@zmc.com
mbox1_user473@zmc.com,abc@123,mbox1_user474@zmc.com
mbox1_user474@zmc.com,abc@123,mbox1_user475@zmc.com
mbox1_user475@zmc.com,abc@123,mbox1_user476@zmc.com
mbox1_user476@zmc.com,abc@123,mbox1_user477@zmc.com
mbox1_user477@zmc.com,abc@123,mbox1_user478@zmc.com
mbox1_user478@zmc.com,abc@123,mbox1_user479@zmc.com
mbox1_user479@zmc.com,abc@123,mbox1_user480@zmc.com
mbox1_user480@zmc.com,abc@123,mbox1_user481@zmc.com
mbox1_user481@zmc.com,abc@123,mbox1_user482@zmc.com
mbox1_user482@zmc.com,abc@123,mbox1_user483@zmc.com
mbox1_user483@zmc.com,abc@123,mbox1_user484@zmc.com
mbox1_user484@zmc.com,abc@123,mbox1_user485@zmc.com
mbox1_user485@zmc.com,abc@123,mbox1_user486@zmc.com
mbox1_user486@zmc.com,abc@123,mbox1_user487@zmc.com
mbox1_user487@zmc.com,abc@123,mbox1_user488@zmc.com
mbox1_user488@zmc.com,abc@123,mbox1_user489@zmc.com
mbox1_user489@zmc.com,abc@123,mbox1_user490@zmc.com
mbox1_user490@zmc.com,abc@123,mbox1_user491@zmc.com
mbox1_user491@zmc.com,abc@123,mbox1_user492@zmc.com
mbox1_user492@zmc.com,abc@123,mbox1_user493@zmc.com
mbox1_user493@zmc.com,abc@123,mbox1_user494@zmc.com
mbox1_user494@zmc.com,abc@123,mbox1_user495@zmc.com
mbox1_user495@zmc.com,abc@123,mbox1_user496@zmc.com
mbox1_user496@zmc.com,abc@123,mbox1_user497@zmc.com
mbox1_user497@zmc.com,abc@123,mbox1_user498@zmc.com
mbox1_user498@zmc.com,abc@123,mbox1_user499@zmc.com
mbox1_user499@zmc.com,abc@123,mbox1_user500@zmc.com
mbox1_user500@zmc.com,abc@123,mbox1_user501@zmc.com
mbox1_user501@zmc.com,abc@123,mbox1_user502@zmc.com
mbox1_user502@zmc.com,abc@123,mbox1_user503@zmc.com
mbox1_user503@zmc.com,abc@123,mbox1_user504@zmc.com
mbox1_user504@zmc.com,abc@123,mbox1_user505@zmc.com
mbox1_user505@zmc.com,abc@123,mbox1_user506@zmc.com
mbox1_user506@zmc.com,abc@123,mbox1_user507@zmc.com
mbox1_user507@zmc.com,abc@123,mbox1_user508@zmc.com
mbox1_user508@zmc.com,abc@123,mbox1_user509@zmc.com
mbox1_user509@zmc.com,abc@123,mbox1_user510@zmc.com
mbox1_user510@zmc.com,abc@123,mbox1_user511@zmc.com
mbox1_user511@zmc.com,abc@123,mbox1_user512@zmc.com
mbox1_user512@zmc.com,abc@123,mbox1_user513@zmc.com
mbox1_user513@zmc.com,abc@123,mbox1_user514@zmc.com
mbox1_user514@zmc.com,abc@123,mbox1_user515@zmc.com
mbox1_user515@zmc.com,abc@123,mbox1_user516@zmc.com
mbox1_user516@zmc.com,abc@123,mbox1_user517@zmc.com
mbox1_user517@zmc.com,abc@123,mbox1_user518@zmc.com
mbox1_user518@zmc.com,abc@123,mbox1_user519@zmc.com
mbox1_user519@zmc.com,abc@123,mbox1_user520@zmc.com
mbox1_user520@zmc.com,abc@123,mbox1_user521@zmc.com
mbox1_user521@zmc.com,abc@123,mbox1_user522@zmc.com
mbox1_user522@zmc.com,abc@123,mbox1_user523@zmc.com
mbox1_user523@zmc.com,abc@123,mbox1_user524@zmc.com
mbox1_user524@zmc.com,abc@123,mbox1_user525@zmc.com
mbox1_user525@zmc.com,abc@123,mbox1_user526@zmc.com
mbox1_user526@zmc.com,abc@123,mbox1_user527@zmc.com
mbox1_user527@zmc.com,abc@123,mbox1_user528@zmc.com
mbox1_user528@zmc.com,abc@123,mbox1_user529@zmc.com
mbox1_user529@zmc.com,abc@123,mbox1_user530@zmc.com
mbox1_user530@zmc.com,abc@123,mbox1_user531@zmc.com
mbox1_user531@zmc.com,abc@123,mbox1_user532@zmc.com
mbox1_user532@zmc.com,abc@123,mbox1_user533@zmc.com
mbox1_user533@zmc.com,abc@123,mbox1_user534@zmc.com
mbox1_user534@zmc.com,abc@123,mbox1_user535@zmc.com
mbox1_user535@zmc.com,abc@123,mbox1_user536@zmc.com
mbox1_user536@zmc.com,abc@123,mbox1_user537@zmc.com
mbox1_user537@zmc.com,abc@123,mbox1_user538@zmc.com
mbox1_user538@zmc.com,abc@123,mbox1_user539@zmc.com
mbox1_user539@zmc.com,abc@123,mbox1_user540@zmc.com
mbox1_user540@zmc.com,abc@123,mbox1_user541@zmc.com
mbox1_user541@zmc.com,abc@123,mbox1_user542@zmc.com
mbox1_user542@zmc.com,abc@123,mbox1_user543@zmc.com
mbox1_user543@zmc.com,abc@123,mbox1_user544@zmc.com
mbox1_user544@zmc.com,abc@123,mbox1_user545@zmc.com
mbox1_user545@zmc.com,abc@123,mbox1_user546@zmc.com
mbox1_user546@zmc.com,abc@123,mbox1_user547@zmc.com
mbox1_user547@zmc.com,abc@123,mbox1_user548@zmc.com
mbox1_user548@zmc.com,abc@123,mbox1_user549@zmc.com
mbox1_user549@zmc.com,abc@123,mbox1_user550@zmc.com
mbox1_user550@zmc.com,abc@123,mbox1_user551@zmc.com
mbox1_user551@zmc.com,abc@123,mbox1_user552@zmc.com
mbox1_user552@zmc.com,abc@123,mbox1_user553@zmc.com
mbox1_user553@zmc.com,abc@123,mbox1_user554@zmc.com
mbox1_user554@zmc.com,abc@123,mbox1_user555@zmc.com
mbox1_user555@zmc.com,abc@123,mbox1_user556@zmc.com
mbox1_user556@zmc.com,abc@123,mbox1_user557@zmc.com
mbox1_user557@zmc.com,abc@123,mbox1_user558@zmc.com
mbox1_user558@zmc.com,abc@123,mbox1_user559@zmc.com
mbox1_user559@zmc.com,abc@123,mbox1_user560@zmc.com
mbox1_user560@zmc.com,abc@123,mbox1_user561@zmc.com
mbox1_user561@zmc.com,abc@123,mbox1_user562@zmc.com
mbox1_user562@zmc.com,abc@123,mbox1_user563@zmc.com
mbox1_user563@zmc.com,abc@123,mbox1_user564@zmc.com
mbox1_user564@zmc.com,abc@123,mbox1_user565@zmc.com
mbox1_user565@zmc.com,abc@123,mbox1_user566@zmc.com
mbox1_user566@zmc.com,abc@123,mbox1_user567@zmc.com
mbox1_user567@zmc.com,abc@123,mbox1_user568@zmc.com
mbox1_user568@zmc.com,abc@123,mbox1_user569@zmc.com
mbox1_user569@zmc.com,abc@123,mbox1_user570@zmc.com
mbox1_user570@zmc.com,abc@123,mbox1_user571@zmc.com
mbox1_user571@zmc.com,abc@123,mbox1_user572@zmc.com
mbox1_user572@zmc.com,abc@123,mbox1_user573@zmc.com
mbox1_user573@zmc.com,abc@123,mbox1_user574@zmc.com
mbox1_user574@zmc.com,abc@123,mbox1_user575@zmc.com
mbox1_user575@zmc.com,abc@123,mbox1_user576@zmc.com
mbox1_user576@zmc.com,abc@123,mbox1_user577@zmc.com
mbox1_user577@zmc.com,abc@123,mbox1_user578@zmc.com
mbox1_user578@zmc.com,abc@123,mbox1_user579@zmc.com
mbox1_user579@zmc.com,abc@123,mbox1_user580@zmc.com
mbox1_user580@zmc.com,abc@123,mbox1_user581@zmc.com
mbox1_user581@zmc.com,abc@123,mbox1_user582@zmc.com
mbox1_user582@zmc.com,abc@123,mbox1_user583@zmc.com
mbox1_user583@zmc.com,abc@123,mbox1_user584@zmc.com
mbox1_user584@zmc.com,abc@123,mbox1_user585@zmc.com
mbox1_user585@zmc.com,abc@123,mbox1_user586@zmc.com
mbox1_user586@zmc.com,abc@123,mbox1_user587@zmc.com
mbox1_user587@zmc.com,abc@123,mbox1_user588@zmc.com
mbox1_user588@zmc.com,abc@123,mbox1_user589@zmc.com
mbox1_user589@zmc.com,abc@123,mbox1_user590@zmc.com
mbox1_user590@zmc.com,abc@123,mbox1_user591@zmc.com
mbox1_user591@zmc.com,abc@123,mbox1_user592@zmc.com
mbox1_user592@zmc.com,abc@123,mbox1_user593@zmc.com
mbox1_user593@zmc.com,abc@123,mbox1_user594@zmc.com
mbox1_user594@zmc.com,abc@123,mbox1_user595@zmc.com
mbox1_user595@zmc.com,abc@123,mbox1_user596@zmc.com
mbox1_user596@zmc.com,abc@123,mbox1_user597@zmc.com
mbox1_user597@zmc.com,abc@123,mbox1_user598@zmc.com
mbox1_user598@zmc.com,abc@123,mbox1_user599@zmc.com
mbox1_user599@zmc.com,abc@123,mbox1_user600@zmc.com
mbox1_user600@zmc.com,abc@123,mbox1_user601@zmc.com
mbox1_user601@zmc.com,abc@123,mbox1_user602@zmc.com
mbox1_user602@zmc.com,abc@123,mbox1_user603@zmc.com
mbox1_user603@zmc.com,abc@123,mbox1_user604@zmc.com
mbox1_user604@zmc.com,abc@123,mbox1_user605@zmc.com
mbox1_user605@zmc.com,abc@123,mbox1_user606@zmc.com
mbox1_user606@zmc.com,abc@123,mbox1_user607@zmc.com
mbox1_user607@zmc.com,abc@123,mbox1_user608@zmc.com
mbox1_user608@zmc.com,abc@123,mbox1_user609@zmc.com
mbox1_user609@zmc.com,abc@123,mbox1_user610@zmc.com
mbox1_user610@zmc.com,abc@123,mbox1_user611@zmc.com
mbox1_user611@zmc.com,abc@123,mbox1_user612@zmc.com
mbox1_user612@zmc.com,abc@123,mbox1_user613@zmc.com
mbox1_user613@zmc.com,abc@123,mbox1_user614@zmc.com
mbox1_user614@zmc.com,abc@123,mbox1_user615@zmc.com
mbox1_user615@zmc.com,abc@123,mbox1_user616@zmc.com
mbox1_user616@zmc.com,abc@123,mbox1_user617@zmc.com
mbox1_user617@zmc.com,abc@123,mbox1_user618@zmc.com
mbox1_user618@zmc.com,abc@123,mbox1_user619@zmc.com
mbox1_user619@zmc.com,abc@123,mbox1_user620@zmc.com
mbox1_user620@zmc.com,abc@123,mbox1_user621@zmc.com
mbox1_user621@zmc.com,abc@123,mbox1_user622@zmc.com
mbox1_user622@zmc.com,abc@123,mbox1_user623@zmc.com
mbox1_user623@zmc.com,abc@123,mbox1_user624@zmc.com
mbox1_user624@zmc.com,abc@123,mbox1_user625@zmc.com
mbox1_user625@zmc.com,abc@123,mbox1_user626@zmc.com
mbox1_user626@zmc.com,abc@123,mbox1_user627@zmc.com
mbox1_user627@zmc.com,abc@123,mbox1_user628@zmc.com
mbox1_user628@zmc.com,abc@123,mbox1_user629@zmc.com
mbox1_user629@zmc.com,abc@123,mbox1_user630@zmc.com
mbox1_user630@zmc.com,abc@123,mbox1_user631@zmc.com
mbox1_user631@zmc.com,abc@123,mbox1_user632@zmc.com
mbox1_user632@zmc.com,abc@123,mbox1_user633@zmc.com
mbox1_user633@zmc.com,abc@123,mbox1_user634@zmc.com
mbox1_user634@zmc.com,abc@123,mbox1_user635@zmc.com
mbox1_user635@zmc.com,abc@123,mbox1_user636@zmc.com
mbox1_user636@zmc.com,abc@123,mbox1_user637@zmc.com
mbox1_user637@zmc.com,abc@123,mbox1_user638@zmc.com
mbox1_user638@zmc.com,abc@123,mbox1_user639@zmc.com
mbox1_user639@zmc.com,abc@123,mbox1_user640@zmc.com
mbox1_user640@zmc.com,abc@123,mbox1_user641@zmc.com
mbox1_user641@zmc.com,abc@123,mbox1_user642@zmc.com
mbox1_user642@zmc.com,abc@123,mbox1_user643@zmc.com
mbox1_user643@zmc.com,abc@123,mbox1_user644@zmc.com
mbox1_user644@zmc.com,abc@123,mbox1_user645@zmc.com
mbox1_user645@zmc.com,abc@123,mbox1_user646@zmc.com
mbox1_user646@zmc.com,abc@123,mbox1_user647@zmc.com
mbox1_user647@zmc.com,abc@123,mbox1_user648@zmc.com
mbox1_user648@zmc.com,abc@123,mbox1_user649@zmc.com
mbox1_user649@zmc.com,abc@123,mbox1_user650@zmc.com
mbox1_user650@zmc.com,abc@123,mbox1_user651@zmc.com
mbox1_user651@zmc.com,abc@123,mbox1_user652@zmc.com
mbox1_user652@zmc.com,abc@123,mbox1_user653@zmc.com
mbox1_user653@zmc.com,abc@123,mbox1_user654@zmc.com
mbox1_user654@zmc.com,abc@123,mbox1_user655@zmc.com
mbox1_user655@zmc.com,abc@123,mbox1_user656@zmc.com
mbox1_user656@zmc.com,abc@123,mbox1_user657@zmc.com
mbox1_user657@zmc.com,abc@123,mbox1_user658@zmc.com
mbox1_user658@zmc.com,abc@123,mbox1_user659@zmc.com
mbox1_user659@zmc.com,abc@123,mbox1_user660@zmc.com
mbox1_user660@zmc.com,abc@123,mbox1_user661@zmc.com
mbox1_user661@zmc.com,abc@123,mbox1_user662@zmc.com
mbox1_user662@zmc.com,abc@123,mbox1_user663@zmc.com
mbox1_user663@zmc.com,abc@123,mbox1_user664@zmc.com
mbox1_user664@zmc.com,abc@123,mbox1_user665@zmc.com
mbox1_user665@zmc.com,abc@123,mbox1_user666@zmc.com
mbox1_user666@zmc.com,abc@123,mbox1_user667@zmc.com
mbox1_user667@zmc.com,abc@123,mbox1_user668@zmc.com
mbox1_user668@zmc.com,abc@123,mbox1_user669@zmc.com
mbox1_user669@zmc.com,abc@123,mbox1_user670@zmc.com
mbox1_user670@zmc.com,abc@123,mbox1_user671@zmc.com
mbox1_user671@zmc.com,abc@123,mbox1_user672@zmc.com
mbox1_user672@zmc.com,abc@123,mbox1_user673@zmc.com
mbox1_user673@zmc.com,abc@123,mbox1_user674@zmc.com
mbox1_user674@zmc.com,abc@123,mbox1_user675@zmc.com
mbox1_user675@zmc.com,abc@123,mbox1_user676@zmc.com
mbox1_user676@zmc.com,abc@123,mbox1_user677@zmc.com
mbox1_user677@zmc.com,abc@123,mbox1_user678@zmc.com
mbox1_user678@zmc.com,abc@123,mbox1_user679@zmc.com
mbox1_user679@zmc.com,abc@123,mbox1_user680@zmc.com
mbox1_user680@zmc.com,abc@123,mbox1_user681@zmc.com
mbox1_user681@zmc.com,abc@123,mbox1_user682@zmc.com
mbox1_user682@zmc.com,abc@123,mbox1_user683@zmc.com
mbox1_user683@zmc.com,abc@123,mbox1_user684@zmc.com
mbox1_user684@zmc.com,abc@123,mbox1_user685@zmc.com
mbox1_user685@zmc.com,abc@123,mbox1_user686@zmc.com
mbox1_user686@zmc.com,abc@123,mbox1_user687@zmc.com
mbox1_user687@zmc.com,abc@123,mbox1_user688@zmc.com
mbox1_user688@zmc.com,abc@123,mbox1_user689@zmc.com
mbox1_user689@zmc.com,abc@123,mbox1_user690@zmc.com
mbox1_user690@zmc.com,abc@123,mbox1_user691@zmc.com
mbox1_user691@zmc.com,abc@123,mbox1_user692@zmc.com
mbox1_user692@zmc.com,abc@123,mbox1_user693@zmc.com
mbox1_user693@zmc.com,abc@123,mbox1_user694@zmc.com
mbox1_user694@zmc.com,abc@123,mbox1_user695@zmc.com
mbox1_user695@zmc.com,abc@123,mbox1_user696@zmc.com
mbox1_user696@zmc.com,abc@123,mbox1_user697@zmc.com
mbox1_user697@zmc.com,abc@123,mbox1_user698@zmc.com
mbox1_user698@zmc.com,abc@123,mbox1_user699@zmc.com
mbox1_user699@zmc.com,abc@123,mbox1_user700@zmc.com
mbox1_user700@zmc.com,abc@123,mbox1_user701@zmc.com
mbox1_user701@zmc.com,abc@123,mbox1_user702@zmc.com
mbox1_user702@zmc.com,abc@123,mbox1_user703@zmc.com
mbox1_user703@zmc.com,abc@123,mbox1_user704@zmc.com
mbox1_user704@zmc.com,abc@123,mbox1_user705@zmc.com
mbox1_user705@zmc.com,abc@123,mbox1_user706@zmc.com
mbox1_user706@zmc.com,abc@123,mbox1_user707@zmc.com
mbox1_user707@zmc.com,abc@123,mbox1_user708@zmc.com
mbox1_user708@zmc.com,abc@123,mbox1_user709@zmc.com
mbox1_user709@zmc.com,abc@123,mbox1_user710@zmc.com
mbox1_user710@zmc.com,abc@123,mbox1_user711@zmc.com
mbox1_user711@zmc.com,abc@123,mbox1_user712@zmc.com
mbox1_user712@zmc.com,abc@123,mbox1_user713@zmc.com
mbox1_user713@zmc.com,abc@123,mbox1_user714@zmc.com
mbox1_user714@zmc.com,abc@123,mbox1_user715@zmc.com
mbox1_user715@zmc.com,abc@123,mbox1_user716@zmc.com
mbox1_user716@zmc.com,abc@123,mbox1_user717@zmc.com
mbox1_user717@zmc.com,abc@123,mbox1_user718@zmc.com
mbox1_user718@zmc.com,abc@123,mbox1_user719@zmc.com
mbox1_user719@zmc.com,abc@123,mbox1_user720@zmc.com
mbox1_user720@zmc.com,abc@123,mbox1_user721@zmc.com
mbox1_user721@zmc.com,abc@123,mbox1_user722@zmc.com
mbox1_user722@zmc.com,abc@123,mbox1_user723@zmc.com
mbox1_user723@zmc.com,abc@123,mbox1_user724@zmc.com
mbox1_user724@zmc.com,abc@123,mbox1_user725@zmc.com
mbox1_user725@zmc.com,abc@123,mbox1_user726@zmc.com
mbox1_user726@zmc.com,abc@123,mbox1_user727@zmc.com
mbox1_user727@zmc.com,abc@123,mbox1_user728@zmc.com
mbox1_user728@zmc.com,abc@123,mbox1_user729@zmc.com
mbox1_user729@zmc.com,abc@123,mbox1_user730@zmc.com
mbox1_user730@zmc.com,abc@123,mbox1_user731@zmc.com
mbox1_user731@zmc.com,abc@123,mbox1_user732@zmc.com
mbox1_user732@zmc.com,abc@123,mbox1_user733@zmc.com
mbox1_user733@zmc.com,abc@123,mbox1_user734@zmc.com
mbox1_user734@zmc.com,abc@123,mbox1_user735@zmc.com
mbox1_user735@zmc.com,abc@123,mbox1_user736@zmc.com
mbox1_user736@zmc.com,abc@123,mbox1_user737@zmc.com
mbox1_user737@zmc.com,abc@123,mbox1_user738@zmc.com
mbox1_user738@zmc.com,abc@123,mbox1_user739@zmc.com
mbox1_user739@zmc.com,abc@123,mbox1_user740@zmc.com
mbox1_user740@zmc.com,abc@123,mbox1_user741@zmc.com
mbox1_user741@zmc.com,abc@123,mbox1_user742@zmc.com
mbox1_user742@zmc.com,abc@123,mbox1_user743@zmc.com
mbox1_user743@zmc.com,abc@123,mbox1_user744@zmc.com
mbox1_user744@zmc.com,abc@123,mbox1_user745@zmc.com
mbox1_user745@zmc.com,abc@123,mbox1_user746@zmc.com
mbox1_user746@zmc.com,abc@123,mbox1_user747@zmc.com
mbox1_user747@zmc.com,abc@123,mbox1_user748@zmc.com
mbox1_user748@zmc.com,abc@123,mbox1_user749@zmc.com
mbox1_user749@zmc.com,abc@123,mbox1_user750@zmc.com
mbox1_user750@zmc.com,abc@123,mbox1_user751@zmc.com
mbox1_user751@zmc.com,abc@123,mbox1_user752@zmc.com
mbox1_user752@zmc.com,abc@123,mbox1_user753@zmc.com
mbox1_user753@zmc.com,abc@123,mbox1_user754@zmc.com
mbox1_user754@zmc.com,abc@123,mbox1_user755@zmc.com
mbox1_user755@zmc.com,abc@123,mbox1_user756@zmc.com
mbox1_user756@zmc.com,abc@123,mbox1_user757@zmc.com
mbox1_user757@zmc.com,abc@123,mbox1_user758@zmc.com
mbox1_user758@zmc.com,abc@123,mbox1_user759@zmc.com
mbox1_user759@zmc.com,abc@123,mbox1_user760@zmc.com
mbox1_user760@zmc.com,abc@123,mbox1_user761@zmc.com
mbox1_user761@zmc.com,abc@123,mbox1_user762@zmc.com
mbox1_user762@zmc.com,abc@123,mbox1_user763@zmc.com
mbox1_user763@zmc.com,abc@123,mbox1_user764@zmc.com
mbox1_user764@zmc.com,abc@123,mbox1_user765@zmc.com
mbox1_user765@zmc.com,abc@123,mbox1_user766@zmc.com
mbox1_user766@zmc.com,abc@123,mbox1_user767@zmc.com
mbox1_user767@zmc.com,abc@123,mbox1_user768@zmc.com
mbox1_user768@zmc.com,abc@123,mbox1_user769@zmc.com
mbox1_user769@zmc.com,abc@123,mbox1_user770@zmc.com
mbox1_user770@zmc.com,abc@123,mbox1_user771@zmc.com
mbox1_user771@zmc.com,abc@123,mbox1_user772@zmc.com
mbox1_user772@zmc.com,abc@123,mbox1_user773@zmc.com
mbox1_user773@zmc.com,abc@123,mbox1_user774@zmc.com
mbox1_user774@zmc.com,abc@123,mbox1_user775@zmc.com
mbox1_user775@zmc.com,abc@123,mbox1_user776@zmc.com
mbox1_user776@zmc.com,abc@123,mbox1_user777@zmc.com
mbox1_user777@zmc.com,abc@123,mbox1_user778@zmc.com
mbox1_user778@zmc.com,abc@123,mbox1_user779@zmc.com
mbox1_user779@zmc.com,abc@123,mbox1_user780@zmc.com
mbox1_user780@zmc.com,abc@123,mbox1_user781@zmc.com
mbox1_user781@zmc.com,abc@123,mbox1_user782@zmc.com
mbox1_user782@zmc.com,abc@123,mbox1_user783@zmc.com
mbox1_user783@zmc.com,abc@123,mbox1_user784@zmc.com
mbox1_user784@zmc.com,abc@123,mbox1_user785@zmc.com
mbox1_user785@zmc.com,abc@123,mbox1_user786@zmc.com
mbox1_user786@zmc.com,abc@123,mbox1_user787@zmc.com
mbox1_user787@zmc.com,abc@123,mbox1_user788@zmc.com
mbox1_user788@zmc.com,abc@123,mbox1_user789@zmc.com
mbox1_user789@zmc.com,abc@123,mbox1_user790@zmc.com
mbox1_user790@zmc.com,abc@123,mbox1_user791@zmc.com
mbox1_user791@zmc.com,abc@123,mbox1_user792@zmc.com
mbox1_user792@zmc.com,abc@123,mbox1_user793@zmc.com
mbox1_user793@zmc.com,abc@123,mbox1_user794@zmc.com
mbox1_user794@zmc.com,abc@123,mbox1_user795@zmc.com
mbox1_user795@zmc.com,abc@123,mbox1_user796@zmc.com
mbox1_user796@zmc.com,abc@123,mbox1_user797@zmc.com
mbox1_user797@zmc.com,abc@123,mbox1_user798@zmc.com
mbox1_user798@zmc.com,abc@123,mbox1_user799@zmc.com
mbox1_user799@zmc.com,abc@123,mbox1_user800@zmc.com
mbox1_user800@zmc.com,abc@123,mbox1_user801@zmc.com
mbox1_user801@zmc.com,abc@123,mbox1_user802@zmc.com
mbox1_user802@zmc.com,abc@123,mbox1_user803@zmc.com
mbox1_user803@zmc.com,abc@123,mbox1_user804@zmc.com
mbox1_user804@zmc.com,abc@123,mbox1_user805@zmc.com
mbox1_user805@zmc.com,abc@123,mbox1_user806@zmc.com
mbox1_user806@zmc.com,abc@123,mbox1_user807@zmc.com
mbox1_user807@zmc.com,abc@123,mbox1_user808@zmc.com
mbox1_user808@zmc.com,abc@123,mbox1_user809@zmc.com
mbox1_user809@zmc.com,abc@123,mbox1_user810@zmc.com
mbox1_user810@zmc.com,abc@123,mbox1_user811@zmc.com
mbox1_user811@zmc.com,abc@123,mbox1_user812@zmc.com
mbox1_user812@zmc.com,abc@123,mbox1_user813@zmc.com
mbox1_user813@zmc.com,abc@123,mbox1_user814@zmc.com
mbox1_user814@zmc.com,abc@123,mbox1_user815@zmc.com
mbox1_user815@zmc.com,abc@123,mbox1_user816@zmc.com
mbox1_user816@zmc.com,abc@123,mbox1_user817@zmc.com
mbox1_user817@zmc.com,abc@123,mbox1_user818@zmc.com
mbox1_user818@zmc.com,abc@123,mbox1_user819@zmc.com
mbox1_user819@zmc.com,abc@123,mbox1_user820@zmc.com
mbox1_user820@zmc.com,abc@123,mbox1_user821@zmc.com
mbox1_user821@zmc.com,abc@123,mbox1_user822@zmc.com
mbox1_user822@zmc.com,abc@123,mbox1_user823@zmc.com
mbox1_user823@zmc.com,abc@123,mbox1_user824@zmc.com
mbox1_user824@zmc.com,abc@123,mbox1_user825@zmc.com
mbox1_user825@zmc.com,abc@123,mbox1_user826@zmc.com
mbox1_user826@zmc.com,abc@123,mbox1_user827@zmc.com
mbox1_user827@zmc.com,abc@123,mbox1_user828@zmc.com
mbox1_user828@zmc.com,abc@123,mbox1_user829@zmc.com
mbox1_user829@zmc.com,abc@123,mbox1_user830@zmc.com
mbox1_user830@zmc.com,abc@123,mbox1_user831@zmc.com
mbox1_user831@zmc.com,abc@123,mbox1_user832@zmc.com
mbox1_user832@zmc.com,abc@123,mbox1_user833@zmc.com
mbox1_user833@zmc.com,abc@123,mbox1_user834@zmc.com
mbox1_user834@zmc.com,abc@123,mbox1_user835@zmc.com
mbox1_user835@zmc.com,abc@123,mbox1_user836@zmc.com
mbox1_user836@zmc.com,abc@123,mbox1_user837@zmc.com
mbox1_user837@zmc.com,abc@123,mbox1_user838@zmc.com
mbox1_user838@zmc.com,abc@123,mbox1_user839@zmc.com
mbox1_user839@zmc.com,abc@123,mbox1_user840@zmc.com
mbox1_user840@zmc.com,abc@123,mbox1_user841@zmc.com
mbox1_user841@zmc.com,abc@123,mbox1_user842@zmc.com
mbox1_user842@zmc.com,abc@123,mbox1_user843@zmc.com
mbox1_user843@zmc.com,abc@123,mbox1_user844@zmc.com
mbox1_user844@zmc.com,abc@123,mbox1_user845@zmc.com
mbox1_user845@zmc.com,abc@123,mbox1_user846@zmc.com
mbox1_user846@zmc.com,abc@123,mbox1_user847@zmc.com
mbox1_user847@zmc.com,abc@123,mbox1_user848@zmc.com
mbox1_user848@zmc.com,abc@123,mbox1_user849@zmc.com
mbox1_user849@zmc.com,abc@123,mbox1_user850@zmc.com
mbox1_user850@zmc.com,abc@123,mbox1_user851@zmc.com
mbox1_user851@zmc.com,abc@123,mbox1_user852@zmc.com
mbox1_user852@zmc.com,abc@123,mbox1_user853@zmc.com
mbox1_user853@zmc.com,abc@123,mbox1_user854@zmc.com
mbox1_user854@zmc.com,abc@123,mbox1_user855@zmc.com
mbox1_user855@zmc.com,abc@123,mbox1_user856@zmc.com
mbox1_user856@zmc.com,abc@123,mbox1_user857@zmc.com
mbox1_user857@zmc.com,abc@123,mbox1_user858@zmc.com
mbox1_user858@zmc.com,abc@123,mbox1_user859@zmc.com
mbox1_user859@zmc.com,abc@123,mbox1_user860@zmc.com
mbox1_user860@zmc.com,abc@123,mbox1_user861@zmc.com
mbox1_user861@zmc.com,abc@123,mbox1_user862@zmc.com
mbox1_user862@zmc.com,abc@123,mbox1_user863@zmc.com
mbox1_user863@zmc.com,abc@123,mbox1_user864@zmc.com
mbox1_user864@zmc.com,abc@123,mbox1_user865@zmc.com
mbox1_user865@zmc.com,abc@123,mbox1_user866@zmc.com
mbox1_user866@zmc.com,abc@123,mbox1_user867@zmc.com
mbox1_user867@zmc.com,abc@123,mbox1_user868@zmc.com
mbox1_user868@zmc.com,abc@123,mbox1_user869@zmc.com
mbox1_user869@zmc.com,abc@123,mbox1_user870@zmc.com
mbox1_user870@zmc.com,abc@123,mbox1_user871@zmc.com
mbox1_user871@zmc.com,abc@123,mbox1_user872@zmc.com
mbox1_user872@zmc.com,abc@123,mbox1_user873@zmc.com
mbox1_user873@zmc.com,abc@123,mbox1_user874@zmc.com
mbox1_user874@zmc.com,abc@123,mbox1_user875@zmc.com
mbox1_user875@zmc.com,abc@123,mbox1_user876@zmc.com
mbox1_user876@zmc.com,abc@123,mbox1_user877@zmc.com
mbox1_user877@zmc.com,abc@123,mbox1_user878@zmc.com
mbox1_user878@zmc.com,abc@123,mbox1_user879@zmc.com
mbox1_user879@zmc.com,abc@123,mbox1_user880@zmc.com
mbox1_user880@zmc.com,abc@123,mbox1_user881@zmc.com
mbox1_user881@zmc.com,abc@123,mbox1_user882@zmc.com
mbox1_user882@zmc.com,abc@123,mbox1_user883@zmc.com
mbox1_user883@zmc.com,abc@123,mbox1_user884@zmc.com
mbox1_user884@zmc.com,abc@123,mbox1_user885@zmc.com
mbox1_user885@zmc.com,abc@123,mbox1_user886@zmc.com
mbox1_user886@zmc.com,abc@123,mbox1_user887@zmc.com
mbox1_user887@zmc.com,abc@123,mbox1_user888@zmc.com
mbox1_user888@zmc.com,abc@123,mbox1_user889@zmc.com
mbox1_user889@zmc.com,abc@123,mbox1_user890@zmc.com
mbox1_user890@zmc.com,abc@123,mbox1_user891@zmc.com
mbox1_user891@zmc.com,abc@123,mbox1_user892@zmc.com
mbox1_user892@zmc.com,abc@123,mbox1_user893@zmc.com
mbox1_user893@zmc.com,abc@123,mbox1_user894@zmc.com
mbox1_user894@zmc.com,abc@123,mbox1_user895@zmc.com
mbox1_user895@zmc.com,abc@123,mbox1_user896@zmc.com
mbox1_user896@zmc.com,abc@123,mbox1_user897@zmc.com
mbox1_user897@zmc.com,abc@123,mbox1_user898@zmc.com
mbox1_user898@zmc.com,abc@123,mbox1_user899@zmc.com
mbox1_user899@zmc.com,abc@123,mbox1_user900@zmc.com
mbox1_user900@zmc.com,abc@123,mbox1_user901@zmc.com
mbox1_user901@zmc.com,abc@123,mbox1_user902@zmc.com
mbox1_user902@zmc.com,abc@123,mbox1_user903@zmc.com
mbox1_user903@zmc.com,abc@123,mbox1_user904@zmc.com
mbox1_user904@zmc.com,abc@123,mbox1_user905@zmc.com
mbox1_user905@zmc.com,abc@123,mbox1_user906@zmc.com
mbox1_user906@zmc.com,abc@123,mbox1_user907@zmc.com
mbox1_user907@zmc.com,abc@123,mbox1_user908@zmc.com
mbox1_user908@zmc.com,abc@123,mbox1_user909@zmc.com
mbox1_user909@zmc.com,abc@123,mbox1_user910@zmc.com
mbox1_user910@zmc.com,abc@123,mbox1_user911@zmc.com
mbox1_user911@zmc.com,abc@123,mbox1_user912@zmc.com
mbox1_user912@zmc.com,abc@123,mbox1_user913@zmc.com
mbox1_user913@zmc.com,abc@123,mbox1_user914@zmc.com
mbox1_user914@zmc.com,abc@123,mbox1_user915@zmc.com
mbox1_user915@zmc.com,abc@123,mbox1_user916@zmc.com
mbox1_user916@zmc.com,abc@123,mbox1_user917@zmc.com
mbox1_user917@zmc.com,abc@123,mbox1_user918@zmc.com
mbox1_user918@zmc.com,abc@123,mbox1_user919@zmc.com
mbox1_user919@zmc.com,abc@123,mbox1_user920@zmc.com
mbox1_user920@zmc.com,abc@123,mbox1_user921@zmc.com
mbox1_user921@zmc.com,abc@123,mbox1_user922@zmc.com
mbox1_user922@zmc.com,abc@123,mbox1_user923@zmc.com
mbox1_user923@zmc.com,abc@123,mbox1_user924@zmc.com
mbox1_user924@zmc.com,abc@123,mbox1_user925@zmc.com
mbox1_user925@zmc.com,abc@123,mbox1_user926@zmc.com
mbox1_user926@zmc.com,abc@123,mbox1_user927@zmc.com
mbox1_user927@zmc.com,abc@123,mbox1_user928@zmc.com
mbox1_user928@zmc.com,abc@123,mbox1_user929@zmc.com
mbox1_user929@zmc.com,abc@123,mbox1_user930@zmc.com
mbox1_user930@zmc.com,abc@123,mbox1_user931@zmc.com
mbox1_user931@zmc.com,abc@123,mbox1_user932@zmc.com
mbox1_user932@zmc.com,abc@123,mbox1_user933@zmc.com
mbox1_user933@zmc.com,abc@123,mbox1_user934@zmc.com
mbox1_user934@zmc.com,abc@123,mbox1_user935@zmc.com
mbox1_user935@zmc.com,abc@123,mbox1_user936@zmc.com
mbox1_user936@zmc.com,abc@123,mbox1_user937@zmc.com
mbox1_user937@zmc.com,abc@123,mbox1_user938@zmc.com
mbox1_user938@zmc.com,abc@123,mbox1_user939@zmc.com
mbox1_user939@zmc.com,abc@123,mbox1_user940@zmc.com
mbox1_user940@zmc.com,abc@123,mbox1_user941@zmc.com
mbox1_user941@zmc.com,abc@123,mbox1_user942@zmc.com
mbox1_user942@zmc.com,abc@123,mbox1_user943@zmc.com
mbox1_user943@zmc.com,abc@123,mbox1_user944@zmc.com
mbox1_user944@zmc.com,abc@123,mbox1_user945@zmc.com
mbox1_user945@zmc.com,abc@123,mbox1_user946@zmc.com
mbox1_user946@zmc.com,abc@123,mbox1_user947@zmc.com
mbox1_user947@zmc.com,abc@123,mbox1_user948@zmc.com
mbox1_user948@zmc.com,abc@123,mbox1_user949@zmc.com
mbox1_user949@zmc.com,abc@123,mbox1_user950@zmc.com
mbox1_user950@zmc.com,abc@123,mbox1_user951@zmc.com
mbox1_user951@zmc.com,abc@123,mbox1_user952@zmc.com
mbox1_user952@zmc.com,abc@123,mbox1_user953@zmc.com
mbox1_user953@zmc.com,abc@123,mbox1_user954@zmc.com
mbox1_user954@zmc.com,abc@123,mbox1_user955@zmc.com
mbox1_user955@zmc.com,abc@123,mbox1_user956@zmc.com
mbox1_user956@zmc.com,abc@123,mbox1_user957@zmc.com
mbox1_user957@zmc.com,abc@123,mbox1_user958@zmc.com
mbox1_user958@zmc.com,abc@123,mbox1_user959@zmc.com
mbox1_user959@zmc.com,abc@123,mbox1_user960@zmc.com
mbox1_user960@zmc.com,abc@123,mbox1_user961@zmc.com
mbox1_user961@zmc.com,abc@123,mbox1_user962@zmc.com
mbox1_user962@zmc.com,abc@123,mbox1_user963@zmc.com
mbox1_user963@zmc.com,abc@123,mbox1_user964@zmc.com
mbox1_user964@zmc.com,abc@123,mbox1_user965@zmc.com
mbox1_user965@zmc.com,abc@123,mbox1_user966@zmc.com
mbox1_user966@zmc.com,abc@123,mbox1_user967@zmc.com
mbox1_user967@zmc.com,abc@123,mbox1_user968@zmc.com
mbox1_user968@zmc.com,abc@123,mbox1_user969@zmc.com
mbox1_user969@zmc.com,abc@123,mbox1_user970@zmc.com
mbox1_user970@zmc.com,abc@123,mbox1_user971@zmc.com
mbox1_user971@zmc.com,abc@123,mbox1_user972@zmc.com
mbox1_user972@zmc.com,abc@123,mbox1_user973@zmc.com
mbox1_user973@zmc.com,abc@123,mbox1_user974@zmc.com
mbox1_user974@zmc.com,abc@123,mbox1_user975@zmc.com
mbox1_user975@zmc.com,abc@123,mbox1_user976@zmc.com
mbox1_user976@zmc.com,abc@123,mbox1_user977@zmc.com
mbox1_user977@zmc.com,abc@123,mbox1_user978@zmc.com
mbox1_user978@zmc.com,abc@123,mbox1_user979@zmc.com
mbox1_user979@zmc.com,abc@123,mbox1_user980@zmc.com
mbox1_user980@zmc.com,abc@123,mbox1_user981@zmc.com
mbox1_user981@zmc.com,abc@123,mbox1_user982@zmc.com
mbox1_user982@zmc.com,abc@123,mbox1_user983@zmc.com
mbox1_user983@zmc.com,abc@123,mbox1_user984@zmc.com
mbox1_user984@zmc.com,abc@123,mbox1_user985@zmc.com
mbox1_user985@zmc.com,abc@123,mbox1_user986@zmc.com
mbox1_user986@zmc.com,abc@123,mbox1_user987@zmc.com
mbox1_user987@zmc.com,abc@123,mbox1_user988@zmc.com
mbox1_user988@zmc.com,abc@123,mbox1_user989@zmc.com
mbox1_user989@zmc.com,abc@123,mbox1_user990@zmc.com
mbox1_user990@zmc.com,abc@123,mbox1_user991@zmc.com
mbox1_user991@zmc.com,abc@123,mbox1_user992@zmc.com
mbox1_user992@zmc.com,abc@123,mbox1_user993@zmc.com
mbox1_user993@zmc.com,abc@123,mbox1_user994@zmc.com
mbox1_user994@zmc.com,abc@123,mbox1_user995@zmc.com
mbox1_user995@zmc.com,abc@123,mbox1_user996@zmc.com
mbox1_user996@zmc.com,abc@123,mbox1_user997@zmc.com
mbox1_user997@zmc.com,abc@123,mbox1_user998@zmc.com
mbox1_user998@zmc.com,abc@123,mbox1_user999@zmc.com
mbox1_user999@zmc.com,abc@123,mbox1_user1000@zmc.com
mbox1_user1000@zmc.com,abc@123,mbox1_user1001@zmc.com
mbox1_user1001@zmc.com,abc@123,mbox1_user1002@zmc.com
mbox1_user1002@zmc.com,abc@123,mbox1_user1003@zmc.com
mbox1_user1003@zmc.com,abc@123,mbox1_user1004@zmc.com
mbox1_user1004@zmc.com,abc@123,mbox1_user1005@zmc.com
mbox1_user1005@zmc.com,abc@123,mbox1_user1006@zmc.com
mbox1_user1006@zmc.com,abc@123,mbox1_user1007@zmc.com
mbox1_user1007@zmc.com,abc@123,mbox1_user1008@zmc.com
mbox1_user1008@zmc.com,abc@123,mbox1_user1009@zmc.com
mbox1_user1009@zmc.com,abc@123,mbox1_user1010@zmc.com
mbox1_user1010@zmc.com,abc@123,mbox1_user1011@zmc.com
mbox1_user1011@zmc.com,abc@123,mbox1_user1012@zmc.com
mbox1_user1012@zmc.com,abc@123,mbox1_user1013@zmc.com
mbox1_user1013@zmc.com,abc@123,mbox1_user1014@zmc.com
mbox1_user1014@zmc.com,abc@123,mbox1_user1015@zmc.com
mbox1_user1015@zmc.com,abc@123,mbox1_user1016@zmc.com
mbox1_user1016@zmc.com,abc@123,mbox1_user1017@zmc.com
mbox1_user1017@zmc.com,abc@123,mbox1_user1018@zmc.com
mbox1_user1018@zmc.com,abc@123,mbox1_user1019@zmc.com
mbox1_user1019@zmc.com,abc@123,mbox1_user1020@zmc.com
mbox1_user1020@zmc.com,abc@123,mbox1_user1021@zmc.com
mbox1_user1021@zmc.com,abc@123,mbox1_user1022@zmc.com
mbox1_user1022@zmc.com,abc@123,mbox1_user1023@zmc.com
mbox1_user1023@zmc.com,abc@123,mbox1_user1024@zmc.com
mbox1_user1024@zmc.com,abc@123,mbox1_user1025@zmc.com
mbox1_user1025@zmc.com,abc@123,mbox1_user1026@zmc.com
mbox1_user1026@zmc.com,abc@123,mbox1_user1027@zmc.com
mbox1_user1027@zmc.com,abc@123,mbox1_user1028@zmc.com
mbox1_user1028@zmc.com,abc@123,mbox1_user1029@zmc.com
mbox1_user1029@zmc.com,abc@123,mbox1_user1030@zmc.com
mbox1_user1030@zmc.com,abc@123,mbox1_user1031@zmc.com
mbox1_user1031@zmc.com,abc@123,mbox1_user1032@zmc.com
mbox1_user1032@zmc.com,abc@123,mbox1_user1033@zmc.com
mbox1_user1033@zmc.com,abc@123,mbox1_user1034@zmc.com
mbox1_user1034@zmc.com,abc@123,mbox1_user1035@zmc.com
mbox1_user1035@zmc.com,abc@123,mbox1_user1036@zmc.com
mbox1_user1036@zmc.com,abc@123,mbox1_user1037@zmc.com
mbox1_user1037@zmc.com,abc@123,mbox1_user1038@zmc.com
mbox1_user1038@zmc.com,abc@123,mbox1_user1039@zmc.com
mbox1_user1039@zmc.com,abc@123,mbox1_user1040@zmc.com
mbox1_user1040@zmc.com,abc@123,mbox1_user1041@zmc.com
mbox1_user1041@zmc.com,abc@123,mbox1_user1042@zmc.com
mbox1_user1042@zmc.com,abc@123,mbox1_user1043@zmc.com
mbox1_user1043@zmc.com,abc@123,mbox1_user1044@zmc.com
mbox1_user1044@zmc.com,abc@123,mbox1_user1045@zmc.com
mbox1_user1045@zmc.com,abc@123,mbox1_user1046@zmc.com
mbox1_user1046@zmc.com,abc@123,mbox1_user1047@zmc.com
mbox1_user1047@zmc.com,abc@123,mbox1_user1048@zmc.com
mbox1_user1048@zmc.com,abc@123,mbox1_user1049@zmc.com
mbox1_user1049@zmc.com,abc@123,mbox1_user1050@zmc.com
mbox1_user1050@zmc.com,abc@123,mbox1_user1051@zmc.com
mbox1_user1051@zmc.com,abc@123,mbox1_user1052@zmc.com
mbox1_user1052@zmc.com,abc@123,mbox1_user1053@zmc.com
mbox1_user1053@zmc.com,abc@123,mbox1_user1054@zmc.com
mbox1_user1054@zmc.com,abc@123,mbox1_user1055@zmc.com
mbox1_user1055@zmc.com,abc@123,mbox1_user1056@zmc.com
mbox1_user1056@zmc.com,abc@123,mbox1_user1057@zmc.com
mbox1_user1057@zmc.com,abc@123,mbox1_user1058@zmc.com
mbox1_user1058@zmc.com,abc@123,mbox1_user1059@zmc.com
mbox1_user1059@zmc.com,abc@123,mbox1_user1060@zmc.com
mbox1_user1060@zmc.com,abc@123,mbox1_user1061@zmc.com
mbox1_user1061@zmc.com,abc@123,mbox1_user1062@zmc.com
mbox1_user1062@zmc.com,abc@123,mbox1_user1063@zmc.com
mbox1_user1063@zmc.com,abc@123,mbox1_user1064@zmc.com
mbox1_user1064@zmc.com,abc@123,mbox1_user1065@zmc.com
mbox1_user1065@zmc.com,abc@123,mbox1_user1066@zmc.com
mbox1_user1066@zmc.com,abc@123,mbox1_user1067@zmc.com
mbox1_user1067@zmc.com,abc@123,mbox1_user1068@zmc.com
mbox1_user1068@zmc.com,abc@123,mbox1_user1069@zmc.com
mbox1_user1069@zmc.com,abc@123,mbox1_user1070@zmc.com
mbox1_user1070@zmc.com,abc@123,mbox1_user1071@zmc.com
mbox1_user1071@zmc.com,abc@123,mbox1_user1072@zmc.com
mbox1_user1072@zmc.com,abc@123,mbox1_user1073@zmc.com
mbox1_user1073@zmc.com,abc@123,mbox1_user1074@zmc.com
mbox1_user1074@zmc.com,abc@123,mbox1_user1075@zmc.com
mbox1_user1075@zmc.com,abc@123,mbox1_user1076@zmc.com
mbox1_user1076@zmc.com,abc@123,mbox1_user1077@zmc.com
mbox1_user1077@zmc.com,abc@123,mbox1_user1078@zmc.com
mbox1_user1078@zmc.com,abc@123,mbox1_user1079@zmc.com
mbox1_user1079@zmc.com,abc@123,mbox1_user1080@zmc.com
mbox1_user1080@zmc.com,abc@123,mbox1_user1081@zmc.com
mbox1_user1081@zmc.com,abc@123,mbox1_user1082@zmc.com
mbox1_user1082@zmc.com,abc@123,mbox1_user1083@zmc.com
mbox1_user1083@zmc.com,abc@123,mbox1_user1084@zmc.com
mbox1_user1084@zmc.com,abc@123,mbox1_user1085@zmc.com
mbox1_user1085@zmc.com,abc@123,mbox1_user1086@zmc.com
mbox1_user1086@zmc.com,abc@123,mbox1_user1087@zmc.com
mbox1_user1087@zmc.com,abc@123,mbox1_user1088@zmc.com
mbox1_user1088@zmc.com,abc@123,mbox1_user1089@zmc.com
mbox1_user1089@zmc.com,abc@123,mbox1_user1090@zmc.com
mbox1_user1090@zmc.com,abc@123,mbox1_user1091@zmc.com
mbox1_user1091@zmc.com,abc@123,mbox1_user1092@zmc.com
mbox1_user1092@zmc.com,abc@123,mbox1_user1093@zmc.com
mbox1_user1093@zmc.com,abc@123,mbox1_user1094@zmc.com
mbox1_user1094@zmc.com,abc@123,mbox1_user1095@zmc.com
mbox1_user1095@zmc.com,abc@123,mbox1_user1096@zmc.com
mbox1_user1096@zmc.com,abc@123,mbox1_user1097@zmc.com
mbox1_user1097@zmc.com,abc@123,mbox1_user1098@zmc.com
mbox1_user1098@zmc.com,abc@123,mbox1_user1099@zmc.com
mbox1_user1099@zmc.com,abc@123,mbox1_user1100@zmc.com
mbox1_user1100@zmc.com,abc@123,mbox1_user1101@zmc.com
mbox1_user1101@zmc.com,abc@123,mbox1_user1102@zmc.com
mbox1_user1102@zmc.com,abc@123,mbox1_user1103@zmc.com
mbox1_user1103@zmc.com,abc@123,mbox1_user1104@zmc.com
mbox1_user1104@zmc.com,abc@123,mbox1_user1105@zmc.com
mbox1_user1105@zmc.com,abc@123,mbox1_user1106@zmc.com
mbox1_user1106@zmc.com,abc@123,mbox1_user1107@zmc.com
mbox1_user1107@zmc.com,abc@123,mbox1_user1108@zmc.com
mbox1_user1108@zmc.com,abc@123,mbox1_user1109@zmc.com
mbox1_user1109@zmc.com,abc@123,mbox1_user1110@zmc.com
mbox1_user1110@zmc.com,abc@123,mbox1_user1111@zmc.com
mbox1_user1111@zmc.com,abc@123,mbox1_user1112@zmc.com
mbox1_user1112@zmc.com,abc@123,mbox1_user1113@zmc.com
mbox1_user1113@zmc.com,abc@123,mbox1_user1114@zmc.com
mbox1_user1114@zmc.com,abc@123,mbox1_user1115@zmc.com
mbox1_user1115@zmc.com,abc@123,mbox1_user1116@zmc.com
mbox1_user1116@zmc.com,abc@123,mbox1_user1117@zmc.com
mbox1_user1117@zmc.com,abc@123,mbox1_user1118@zmc.com
mbox1_user1118@zmc.com,abc@123,mbox1_user1119@zmc.com
mbox1_user1119@zmc.com,abc@123,mbox1_user1120@zmc.com
mbox1_user1120@zmc.com,abc@123,mbox1_user1121@zmc.com
mbox1_user1121@zmc.com,abc@123,mbox1_user1122@zmc.com
mbox1_user1122@zmc.com,abc@123,mbox1_user1123@zmc.com
mbox1_user1123@zmc.com,abc@123,mbox1_user1124@zmc.com
mbox1_user1124@zmc.com,abc@123,mbox1_user1125@zmc.com
mbox1_user1125@zmc.com,abc@123,mbox1_user1126@zmc.com
mbox1_user1126@zmc.com,abc@123,mbox1_user1127@zmc.com
mbox1_user1127@zmc.com,abc@123,mbox1_user1128@zmc.com
mbox1_user1128@zmc.com,abc@123,mbox1_user1129@zmc.com
mbox1_user1129@zmc.com,abc@123,mbox1_user1130@zmc.com
mbox1_user1130@zmc.com,abc@123,mbox1_user1131@zmc.com
mbox1_user1131@zmc.com,abc@123,mbox1_user1132@zmc.com
mbox1_user1132@zmc.com,abc@123,mbox1_user1133@zmc.com
mbox1_user1133@zmc.com,abc@123,mbox1_user1134@zmc.com
mbox1_user1134@zmc.com,abc@123,mbox1_user1135@zmc.com
mbox1_user1135@zmc.com,abc@123,mbox1_user1136@zmc.com
mbox1_user1136@zmc.com,abc@123,mbox1_user1137@zmc.com
mbox1_user1137@zmc.com,abc@123,mbox1_user1138@zmc.com
mbox1_user1138@zmc.com,abc@123,mbox1_user1139@zmc.com
mbox1_user1139@zmc.com,abc@123,mbox1_user1140@zmc.com
mbox1_user1140@zmc.com,abc@123,mbox1_user1141@zmc.com
mbox1_user1141@zmc.com,abc@123,mbox1_user1142@zmc.com
mbox1_user1142@zmc.com,abc@123,mbox1_user1143@zmc.com
mbox1_user1143@zmc.com,abc@123,mbox1_user1144@zmc.com
mbox1_user1144@zmc.com,abc@123,mbox1_user1145@zmc.com
mbox1_user1145@zmc.com,abc@123,mbox1_user1146@zmc.com
mbox1_user1146@zmc.com,abc@123,mbox1_user1147@zmc.com
mbox1_user1147@zmc.com,abc@123,mbox1_user1148@zmc.com
mbox1_user1148@zmc.com,abc@123,mbox1_user1149@zmc.com
mbox1_user1149@zmc.com,abc@123,mbox1_user1150@zmc.com
mbox1_user1150@zmc.com,abc@123,mbox1_user1151@zmc.com
mbox1_user1151@zmc.com,abc@123,mbox1_user1152@zmc.com
mbox1_user1152@zmc.com,abc@123,mbox1_user1153@zmc.com
mbox1_user1153@zmc.com,abc@123,mbox1_user1154@zmc.com
mbox1_user1154@zmc.com,abc@123,mbox1_user1155@zmc.com
mbox1_user1155@zmc.com,abc@123,mbox1_user1156@zmc.com
mbox1_user1156@zmc.com,abc@123,mbox1_user1157@zmc.com
mbox1_user1157@zmc.com,abc@123,mbox1_user1158@zmc.com
mbox1_user1158@zmc.com,abc@123,mbox1_user1159@zmc.com
mbox1_user1159@zmc.com,abc@123,mbox1_user1160@zmc.com
mbox1_user1160@zmc.com,abc@123,mbox1_user1161@zmc.com
mbox1_user1161@zmc.com,abc@123,mbox1_user1162@zmc.com
mbox1_user1162@zmc.com,abc@123,mbox1_user1163@zmc.com
mbox1_user1163@zmc.com,abc@123,mbox1_user1164@zmc.com
mbox1_user1164@zmc.com,abc@123,mbox1_user1165@zmc.com
mbox1_user1165@zmc.com,abc@123,mbox1_user1166@zmc.com
mbox1_user1166@zmc.com,abc@123,mbox1_user1167@zmc.com
mbox1_user1167@zmc.com,abc@123,mbox1_user1168@zmc.com
mbox1_user1168@zmc.com,abc@123,mbox1_user1169@zmc.com
mbox1_user1169@zmc.com,abc@123,mbox1_user1170@zmc.com
mbox1_user1170@zmc.com,abc@123,mbox1_user1171@zmc.com
mbox1_user1171@zmc.com,abc@123,mbox1_user1172@zmc.com
mbox1_user1172@zmc.com,abc@123,mbox1_user1173@zmc.com
mbox1_user1173@zmc.com,abc@123,mbox1_user1174@zmc.com
mbox1_user1174@zmc.com,abc@123,mbox1_user1175@zmc.com
mbox1_user1175@zmc.com,abc@123,mbox1_user1176@zmc.com
mbox1_user1176@zmc.com,abc@123,mbox1_user1177@zmc.com
mbox1_user1177@zmc.com,abc@123,mbox1_user1178@zmc.com
mbox1_user1178@zmc.com,abc@123,mbox1_user1179@zmc.com
mbox1_user1179@zmc.com,abc@123,mbox1_user1180@zmc.com
mbox1_user1180@zmc.com,abc@123,mbox1_user1181@zmc.com
mbox1_user1181@zmc.com,abc@123,mbox1_user1182@zmc.com
mbox1_user1182@zmc.com,abc@123,mbox1_user1183@zmc.com
mbox1_user1183@zmc.com,abc@123,mbox1_user1184@zmc.com
mbox1_user1184@zmc.com,abc@123,mbox1_user1185@zmc.com
mbox1_user1185@zmc.com,abc@123,mbox1_user1186@zmc.com
mbox1_user1186@zmc.com,abc@123,mbox1_user1187@zmc.com
mbox1_user1187@zmc.com,abc@123,mbox1_user1188@zmc.com
mbox1_user1188@zmc.com,abc@123,mbox1_user1189@zmc.com
mbox1_user1189@zmc.com,abc@123,mbox1_user1190@zmc.com
mbox1_user1190@zmc.com,abc@123,mbox1_user1191@zmc.com
mbox1_user1191@zmc.com,abc@123,mbox1_user1192@zmc.com
mbox1_user1192@zmc.com,abc@123,mbox1_user1193@zmc.com
mbox1_user1193@zmc.com,abc@123,mbox1_user1194@zmc.com
mbox1_user1194@zmc.com,abc@123,mbox1_user1195@zmc.com
mbox1_user1195@zmc.com,abc@123,mbox1_user1196@zmc.com
mbox1_user1196@zmc.com,abc@123,mbox1_user1197@zmc.com
mbox1_user1197@zmc.com,abc@123,mbox1_user1198@zmc.com
mbox1_user1198@zmc.com,abc@123,mbox1_user1199@zmc.com
mbox1_user1199@zmc.com,abc@123,mbox1_user1200@zmc.com
mbox1_user1200@zmc.com,abc@123,mbox1_user1201@zmc.com
mbox1_user1201@zmc.com,abc@123,mbox1_user1202@zmc.com
mbox1_user1202@zmc.com,abc@123,mbox1_user1203@zmc.com
mbox1_user1203@zmc.com,abc@123,mbox1_user1204@zmc.com
mbox1_user1204@zmc.com,abc@123,mbox1_user1205@zmc.com
mbox1_user1205@zmc.com,abc@123,mbox1_user1206@zmc.com
mbox1_user1206@zmc.com,abc@123,mbox1_user1207@zmc.com
mbox1_user1207@zmc.com,abc@123,mbox1_user1208@zmc.com
mbox1_user1208@zmc.com,abc@123,mbox1_user1209@zmc.com
mbox1_user1209@zmc.com,abc@123,mbox1_user1210@zmc.com
mbox1_user1210@zmc.com,abc@123,mbox1_user1211@zmc.com
mbox1_user1211@zmc.com,abc@123,mbox1_user1212@zmc.com
mbox1_user1212@zmc.com,abc@123,mbox1_user1213@zmc.com
mbox1_user1213@zmc.com,abc@123,mbox1_user1214@zmc.com
mbox1_user1214@zmc.com,abc@123,mbox1_user1215@zmc.com
mbox1_user1215@zmc.com,abc@123,mbox1_user1216@zmc.com
mbox1_user1216@zmc.com,abc@123,mbox1_user1217@zmc.com
mbox1_user1217@zmc.com,abc@123,mbox1_user1218@zmc.com
mbox1_user1218@zmc.com,abc@123,mbox1_user1219@zmc.com
mbox1_user1219@zmc.com,abc@123,mbox1_user1220@zmc.com
mbox1_user1220@zmc.com,abc@123,mbox1_user1221@zmc.com
mbox1_user1221@zmc.com,abc@123,mbox1_user1222@zmc.com
mbox1_user1222@zmc.com,abc@123,mbox1_user1223@zmc.com
mbox1_user1223@zmc.com,abc@123,mbox1_user1224@zmc.com
mbox1_user1224@zmc.com,abc@123,mbox1_user1225@zmc.com
mbox1_user1225@zmc.com,abc@123,mbox1_user1226@zmc.com
mbox1_user1226@zmc.com,abc@123,mbox1_user1227@zmc.com
mbox1_user1227@zmc.com,abc@123,mbox1_user1228@zmc.com
mbox1_user1228@zmc.com,abc@123,mbox1_user1229@zmc.com
mbox1_user1229@zmc.com,abc@123,mbox1_user1230@zmc.com
mbox1_user1230@zmc.com,abc@123,mbox1_user1231@zmc.com
mbox1_user1231@zmc.com,abc@123,mbox1_user1232@zmc.com
mbox1_user1232@zmc.com,abc@123,mbox1_user1233@zmc.com
mbox1_user1233@zmc.com,abc@123,mbox1_user1234@zmc.com
mbox1_user1234@zmc.com,abc@123,mbox1_user1235@zmc.com
mbox1_user1235@zmc.com,abc@123,mbox1_user1236@zmc.com
mbox1_user1236@zmc.com,abc@123,mbox1_user1237@zmc.com
mbox1_user1237@zmc.com,abc@123,mbox1_user1238@zmc.com
mbox1_user1238@zmc.com,abc@123,mbox1_user1239@zmc.com
mbox1_user1239@zmc.com,abc@123,mbox1_user1240@zmc.com
mbox1_user1240@zmc.com,abc@123,mbox1_user1241@zmc.com
mbox1_user1241@zmc.com,abc@123,mbox1_user1242@zmc.com
mbox1_user1242@zmc.com,abc@123,mbox1_user1243@zmc.com
mbox1_user1243@zmc.com,abc@123,mbox1_user1244@zmc.com
mbox1_user1244@zmc.com,abc@123,mbox1_user1245@zmc.com
mbox1_user1245@zmc.com,abc@123,mbox1_user1246@zmc.com
mbox1_user1246@zmc.com,abc@123,mbox1_user1247@zmc.com
mbox1_user1247@zmc.com,abc@123,mbox1_user1248@zmc.com
mbox1_user1248@zmc.com,abc@123,mbox1_user1249@zmc.com
mbox1_user1249@zmc.com,abc@123,mbox1_user1250@zmc.com
mbox1_user1250@zmc.com,abc@123,mbox1_user1251@zmc.com
mbox1_user1251@zmc.com,abc@123,mbox1_user1252@zmc.com
mbox1_user1252@zmc.com,abc@123,mbox1_user1253@zmc.com
mbox1_user1253@zmc.com,abc@123,mbox1_user1254@zmc.com
mbox1_user1254@zmc.com,abc@123,mbox1_user1255@zmc.com
mbox1_user1255@zmc.com,abc@123,mbox1_user1256@zmc.com
mbox1_user1256@zmc.com,abc@123,mbox1_user1257@zmc.com
mbox1_user1257@zmc.com,abc@123,mbox1_user1258@zmc.com
mbox1_user1258@zmc.com,abc@123,mbox1_user1259@zmc.com
mbox1_user1259@zmc.com,abc@123,mbox1_user1260@zmc.com
mbox1_user1260@zmc.com,abc@123,mbox1_user1261@zmc.com
mbox1_user1261@zmc.com,abc@123,mbox1_user1262@zmc.com
mbox1_user1262@zmc.com,abc@123,mbox1_user1263@zmc.com
mbox1_user1263@zmc.com,abc@123,mbox1_user1264@zmc.com
mbox1_user1264@zmc.com,abc@123,mbox1_user1265@zmc.com
mbox1_user1265@zmc.com,abc@123,mbox1_user1266@zmc.com
mbox1_user1266@zmc.com,abc@123,mbox1_user1267@zmc.com
mbox1_user1267@zmc.com,abc@123,mbox1_user1268@zmc.com
mbox1_user1268@zmc.com,abc@123,mbox1_user1269@zmc.com
mbox1_user1269@zmc.com,abc@123,mbox1_user1270@zmc.com
mbox1_user1270@zmc.com,abc@123,mbox1_user1271@zmc.com
mbox1_user1271@zmc.com,abc@123,mbox1_user1272@zmc.com
mbox1_user1272@zmc.com,abc@123,mbox1_user1273@zmc.com
mbox1_user1273@zmc.com,abc@123,mbox1_user1274@zmc.com
mbox1_user1274@zmc.com,abc@123,mbox1_user1275@zmc.com
mbox1_user1275@zmc.com,abc@123,mbox1_user1276@zmc.com
mbox1_user1276@zmc.com,abc@123,mbox1_user1277@zmc.com
mbox1_user1277@zmc.com,abc@123,mbox1_user1278@zmc.com
mbox1_user1278@zmc.com,abc@123,mbox1_user1279@zmc.com
mbox1_user1279@zmc.com,abc@123,mbox1_user1280@zmc.com
mbox1_user1280@zmc.com,abc@123,mbox1_user1281@zmc.com
mbox1_user1281@zmc.com,abc@123,mbox1_user1282@zmc.com
mbox1_user1282@zmc.com,abc@123,mbox1_user1283@zmc.com
mbox1_user1283@zmc.com,abc@123,mbox1_user1284@zmc.com
mbox1_user1284@zmc.com,abc@123,mbox1_user1285@zmc.com
mbox1_user1285@zmc.com,abc@123,mbox1_user1286@zmc.com
mbox1_user1286@zmc.com,abc@123,mbox1_user1287@zmc.com
mbox1_user1287@zmc.com,abc@123,mbox1_user1288@zmc.com
mbox1_user1288@zmc.com,abc@123,mbox1_user1289@zmc.com
mbox1_user1289@zmc.com,abc@123,mbox1_user1290@zmc.com
mbox1_user1290@zmc.com,abc@123,mbox1_user1291@zmc.com
mbox1_user1291@zmc.com,abc@123,mbox1_user1292@zmc.com
mbox1_user1292@zmc.com,abc@123,mbox1_user1293@zmc.com
mbox1_user1293@zmc.com,abc@123,mbox1_user1294@zmc.com
mbox1_user1294@zmc.com,abc@123,mbox1_user1295@zmc.com
mbox1_user1295@zmc.com,abc@123,mbox1_user1296@zmc.com
mbox1_user1296@zmc.com,abc@123,mbox1_user1297@zmc.com
mbox1_user1297@zmc.com,abc@123,mbox1_user1298@zmc.com
mbox1_user1298@zmc.com,abc@123,mbox1_user1299@zmc.com
mbox1_user1299@zmc.com,abc@123,mbox1_user1300@zmc.com
mbox1_user1300@zmc.com,abc@123,mbox1_user1301@zmc.com
mbox1_user1301@zmc.com,abc@123,mbox1_user1302@zmc.com
mbox1_user1302@zmc.com,abc@123,mbox1_user1303@zmc.com
mbox1_user1303@zmc.com,abc@123,mbox1_user1304@zmc.com
mbox1_user1304@zmc.com,abc@123,mbox1_user1305@zmc.com
mbox1_user1305@zmc.com,abc@123,mbox1_user1306@zmc.com
mbox1_user1306@zmc.com,abc@123,mbox1_user1307@zmc.com
mbox1_user1307@zmc.com,abc@123,mbox1_user1308@zmc.com
mbox1_user1308@zmc.com,abc@123,mbox1_user1309@zmc.com
mbox1_user1309@zmc.com,abc@123,mbox1_user1310@zmc.com
mbox1_user1310@zmc.com,abc@123,mbox1_user1311@zmc.com
mbox1_user1311@zmc.com,abc@123,mbox1_user1312@zmc.com
mbox1_user1312@zmc.com,abc@123,mbox1_user1313@zmc.com
mbox1_user1313@zmc.com,abc@123,mbox1_user1314@zmc.com
mbox1_user1314@zmc.com,abc@123,mbox1_user1315@zmc.com
mbox1_user1315@zmc.com,abc@123,mbox1_user1316@zmc.com
mbox1_user1316@zmc.com,abc@123,mbox1_user1317@zmc.com
mbox1_user1317@zmc.com,abc@123,mbox1_user1318@zmc.com
mbox1_user1318@zmc.com,abc@123,mbox1_user1319@zmc.com
mbox1_user1319@zmc.com,abc@123,mbox1_user1320@zmc.com
mbox1_user1320@zmc.com,abc@123,mbox1_user1321@zmc.com
mbox1_user1321@zmc.com,abc@123,mbox1_user1322@zmc.com
mbox1_user1322@zmc.com,abc@123,mbox1_user1323@zmc.com
mbox1_user1323@zmc.com,abc@123,mbox1_user1324@zmc.com
mbox1_user1324@zmc.com,abc@123,mbox1_user1325@zmc.com
mbox1_user1325@zmc.com,abc@123,mbox1_user1326@zmc.com
mbox1_user1326@zmc.com,abc@123,mbox1_user1327@zmc.com
mbox1_user1327@zmc.com,abc@123,mbox1_user1328@zmc.com
mbox1_user1328@zmc.com,abc@123,mbox1_user1329@zmc.com
mbox1_user1329@zmc.com,abc@123,mbox1_user1330@zmc.com
mbox1_user1330@zmc.com,abc@123,mbox1_user1331@zmc.com
mbox1_user1331@zmc.com,abc@123,mbox1_user1332@zmc.com
mbox1_user1332@zmc.com,abc@123,mbox1_user1333@zmc.com
mbox1_user1333@zmc.com,abc@123,mbox1_user1334@zmc.com
mbox1_user1334@zmc.com,abc@123,mbox1_user1335@zmc.com
mbox1_user1335@zmc.com,abc@123,mbox1_user1336@zmc.com
mbox1_user1336@zmc.com,abc@123,mbox1_user1337@zmc.com
mbox1_user1337@zmc.com,abc@123,mbox1_user1338@zmc.com
mbox1_user1338@zmc.com,abc@123,mbox1_user1339@zmc.com
mbox1_user1339@zmc.com,abc@123,mbox1_user1340@zmc.com
mbox1_user1340@zmc.com,abc@123,mbox1_user1341@zmc.com
mbox1_user1341@zmc.com,abc@123,mbox1_user1342@zmc.com
mbox1_user1342@zmc.com,abc@123,mbox1_user1343@zmc.com
mbox1_user1343@zmc.com,abc@123,mbox1_user1344@zmc.com
mbox1_user1344@zmc.com,abc@123,mbox1_user1345@zmc.com
mbox1_user1345@zmc.com,abc@123,mbox1_user1346@zmc.com
mbox1_user1346@zmc.com,abc@123,mbox1_user1347@zmc.com
mbox1_user1347@zmc.com,abc@123,mbox1_user1348@zmc.com
mbox1_user1348@zmc.com,abc@123,mbox1_user1349@zmc.com
mbox1_user1349@zmc.com,abc@123,mbox1_user1350@zmc.com
mbox1_user1350@zmc.com,abc@123,mbox1_user1351@zmc.com
mbox1_user1351@zmc.com,abc@123,mbox1_user1352@zmc.com
mbox1_user1352@zmc.com,abc@123,mbox1_user1353@zmc.com
mbox1_user1353@zmc.com,abc@123,mbox1_user1354@zmc.com
mbox1_user1354@zmc.com,abc@123,mbox1_user1355@zmc.com
mbox1_user1355@zmc.com,abc@123,mbox1_user1356@zmc.com
mbox1_user1356@zmc.com,abc@123,mbox1_user1357@zmc.com
mbox1_user1357@zmc.com,abc@123,mbox1_user1358@zmc.com
mbox1_user1358@zmc.com,abc@123,mbox1_user1359@zmc.com
mbox1_user1359@zmc.com,abc@123,mbox1_user1360@zmc.com
mbox1_user1360@zmc.com,abc@123,mbox1_user1361@zmc.com
mbox1_user1361@zmc.com,abc@123,mbox1_user1362@zmc.com
mbox1_user1362@zmc.com,abc@123,mbox1_user1363@zmc.com
mbox1_user1363@zmc.com,abc@123,mbox1_user1364@zmc.com
mbox1_user1364@zmc.com,abc@123,mbox1_user1365@zmc.com
mbox1_user1365@zmc.com,abc@123,mbox1_user1366@zmc.com
mbox1_user1366@zmc.com,abc@123,mbox1_user1367@zmc.com
mbox1_user1367@zmc.com,abc@123,mbox1_user1368@zmc.com
mbox1_user1368@zmc.com,abc@123,mbox1_user1369@zmc.com
mbox1_user1369@zmc.com,abc@123,mbox1_user1370@zmc.com
mbox1_user1370@zmc.com,abc@123,mbox1_user1371@zmc.com
mbox1_user1371@zmc.com,abc@123,mbox1_user1372@zmc.com
mbox1_user1372@zmc.com,abc@123,mbox1_user1373@zmc.com
mbox1_user1373@zmc.com,abc@123,mbox1_user1374@zmc.com
mbox1_user1374@zmc.com,abc@123,mbox1_user1375@zmc.com
mbox1_user1375@zmc.com,abc@123,mbox1_user1376@zmc.com
mbox1_user1376@zmc.com,abc@123,mbox1_user1377@zmc.com
mbox1_user1377@zmc.com,abc@123,mbox1_user1378@zmc.com
mbox1_user1378@zmc.com,abc@123,mbox1_user1379@zmc.com
mbox1_user1379@zmc.com,abc@123,mbox1_user1380@zmc.com
mbox1_user1380@zmc.com,abc@123,mbox1_user1381@zmc.com
mbox1_user1381@zmc.com,abc@123,mbox1_user1382@zmc.com
mbox1_user1382@zmc.com,abc@123,mbox1_user1383@zmc.com
mbox1_user1383@zmc.com,abc@123,mbox1_user1384@zmc.com
mbox1_user1384@zmc.com,abc@123,mbox1_user1385@zmc.com
mbox1_user1385@zmc.com,abc@123,mbox1_user1386@zmc.com
mbox1_user1386@zmc.com,abc@123,mbox1_user1387@zmc.com
mbox1_user1387@zmc.com,abc@123,mbox1_user1388@zmc.com
mbox1_user1388@zmc.com,abc@123,mbox1_user1389@zmc.com
mbox1_user1389@zmc.com,abc@123,mbox1_user1390@zmc.com
mbox1_user1390@zmc.com,abc@123,mbox1_user1391@zmc.com
mbox1_user1391@zmc.com,abc@123,mbox1_user1392@zmc.com
mbox1_user1392@zmc.com,abc@123,mbox1_user1393@zmc.com
mbox1_user1393@zmc.com,abc@123,mbox1_user1394@zmc.com
mbox1_user1394@zmc.com,abc@123,mbox1_user1395@zmc.com
mbox1_user1395@zmc.com,abc@123,mbox1_user1396@zmc.com
mbox1_user1396@zmc.com,abc@123,mbox1_user1397@zmc.com
mbox1_user1397@zmc.com,abc@123,mbox1_user1398@zmc.com
mbox1_user1398@zmc.com,abc@123,mbox1_user1399@zmc.com
mbox1_user1399@zmc.com,abc@123,mbox1_user1400@zmc.com
mbox1_user1400@zmc.com,abc@123,mbox1_user1401@zmc.com
mbox1_user1401@zmc.com,abc@123,mbox1_user1402@zmc.com
mbox1_user1402@zmc.com,abc@123,mbox1_user1403@zmc.com
mbox1_user1403@zmc.com,abc@123,mbox1_user1404@zmc.com
mbox1_user1404@zmc.com,abc@123,mbox1_user1405@zmc.com
mbox1_user1405@zmc.com,abc@123,mbox1_user1406@zmc.com
mbox1_user1406@zmc.com,abc@123,mbox1_user1407@zmc.com
mbox1_user1407@zmc.com,abc@123,mbox1_user1408@zmc.com
mbox1_user1408@zmc.com,abc@123,mbox1_user1409@zmc.com
mbox1_user1409@zmc.com,abc@123,mbox1_user1410@zmc.com
mbox1_user1410@zmc.com,abc@123,mbox1_user1411@zmc.com
mbox1_user1411@zmc.com,abc@123,mbox1_user1412@zmc.com
mbox1_user1412@zmc.com,abc@123,mbox1_user1413@zmc.com
mbox1_user1413@zmc.com,abc@123,mbox1_user1414@zmc.com
mbox1_user1414@zmc.com,abc@123,mbox1_user1415@zmc.com
mbox1_user1415@zmc.com,abc@123,mbox1_user1416@zmc.com
mbox1_user1416@zmc.com,abc@123,mbox1_user1417@zmc.com
mbox1_user1417@zmc.com,abc@123,mbox1_user1418@zmc.com
mbox1_user1418@zmc.com,abc@123,mbox1_user1419@zmc.com
mbox1_user1419@zmc.com,abc@123,mbox1_user1420@zmc.com
mbox1_user1420@zmc.com,abc@123,mbox1_user1421@zmc.com
mbox1_user1421@zmc.com,abc@123,mbox1_user1422@zmc.com
mbox1_user1422@zmc.com,abc@123,mbox1_user1423@zmc.com
mbox1_user1423@zmc.com,abc@123,mbox1_user1424@zmc.com
mbox1_user1424@zmc.com,abc@123,mbox1_user1425@zmc.com
mbox1_user1425@zmc.com,abc@123,mbox1_user1426@zmc.com
mbox1_user1426@zmc.com,abc@123,mbox1_user1427@zmc.com
mbox1_user1427@zmc.com,abc@123,mbox1_user1428@zmc.com
mbox1_user1428@zmc.com,abc@123,mbox1_user1429@zmc.com
mbox1_user1429@zmc.com,abc@123,mbox1_user1430@zmc.com
mbox1_user1430@zmc.com,abc@123,mbox1_user1431@zmc.com
mbox1_user1431@zmc.com,abc@123,mbox1_user1432@zmc.com
mbox1_user1432@zmc.com,abc@123,mbox1_user1433@zmc.com
mbox1_user1433@zmc.com,abc@123,mbox1_user1434@zmc.com
mbox1_user1434@zmc.com,abc@123,mbox1_user1435@zmc.com
mbox1_user1435@zmc.com,abc@123,mbox1_user1436@zmc.com
mbox1_user1436@zmc.com,abc@123,mbox1_user1437@zmc.com
mbox1_user1437@zmc.com,abc@123,mbox1_user1438@zmc.com
mbox1_user1438@zmc.com,abc@123,mbox1_user1439@zmc.com
mbox1_user1439@zmc.com,abc@123,mbox1_user1440@zmc.com
mbox1_user1440@zmc.com,abc@123,mbox1_user1441@zmc.com
mbox1_user1441@zmc.com,abc@123,mbox1_user1442@zmc.com
mbox1_user1442@zmc.com,abc@123,mbox1_user1443@zmc.com
mbox1_user1443@zmc.com,abc@123,mbox1_user1444@zmc.com
mbox1_user1444@zmc.com,abc@123,mbox1_user1445@zmc.com
mbox1_user1445@zmc.com,abc@123,mbox1_user1446@zmc.com
mbox1_user1446@zmc.com,abc@123,mbox1_user1447@zmc.com
mbox1_user1447@zmc.com,abc@123,mbox1_user1448@zmc.com
mbox1_user1448@zmc.com,abc@123,mbox1_user1449@zmc.com
mbox1_user1449@zmc.com,abc@123,mbox1_user1450@zmc.com
mbox1_user1450@zmc.com,abc@123,mbox1_user1451@zmc.com
mbox1_user1451@zmc.com,abc@123,mbox1_user1452@zmc.com
mbox1_user1452@zmc.com,abc@123,mbox1_user1453@zmc.com
mbox1_user1453@zmc.com,abc@123,mbox1_user1454@zmc.com
mbox1_user1454@zmc.com,abc@123,mbox1_user1455@zmc.com
mbox1_user1455@zmc.com,abc@123,mbox1_user1456@zmc.com
mbox1_user1456@zmc.com,abc@123,mbox1_user1457@zmc.com
mbox1_user1457@zmc.com,abc@123,mbox1_user1458@zmc.com
mbox1_user1458@zmc.com,abc@123,mbox1_user1459@zmc.com
mbox1_user1459@zmc.com,abc@123,mbox1_user1460@zmc.com
mbox1_user1460@zmc.com,abc@123,mbox1_user1461@zmc.com
mbox1_user1461@zmc.com,abc@123,mbox1_user1462@zmc.com
mbox1_user1462@zmc.com,abc@123,mbox1_user1463@zmc.com
mbox1_user1463@zmc.com,abc@123,mbox1_user1464@zmc.com
mbox1_user1464@zmc.com,abc@123,mbox1_user1465@zmc.com
mbox1_user1465@zmc.com,abc@123,mbox1_user1466@zmc.com
mbox1_user1466@zmc.com,abc@123,mbox1_user1467@zmc.com
mbox1_user1467@zmc.com,abc@123,mbox1_user1468@zmc.com
mbox1_user1468@zmc.com,abc@123,mbox1_user1469@zmc.com
mbox1_user1469@zmc.com,abc@123,mbox1_user1470@zmc.com
mbox1_user1470@zmc.com,abc@123,mbox1_user1471@zmc.com
mbox1_user1471@zmc.com,abc@123,mbox1_user1472@zmc.com
mbox1_user1472@zmc.com,abc@123,mbox1_user1473@zmc.com
mbox1_user1473@zmc.com,abc@123,mbox1_user1474@zmc.com
mbox1_user1474@zmc.com,abc@123,mbox1_user1475@zmc.com
mbox1_user1475@zmc.com,abc@123,mbox1_user1476@zmc.com
mbox1_user1476@zmc.com,abc@123,mbox1_user1477@zmc.com
mbox1_user1477@zmc.com,abc@123,mbox1_user1478@zmc.com
mbox1_user1478@zmc.com,abc@123,mbox1_user1479@zmc.com
mbox1_user1479@zmc.com,abc@123,mbox1_user1480@zmc.com
mbox1_user1480@zmc.com,abc@123,mbox1_user1481@zmc.com
mbox1_user1481@zmc.com,abc@123,mbox1_user1482@zmc.com
mbox1_user1482@zmc.com,abc@123,mbox1_user1483@zmc.com
mbox1_user1483@zmc.com,abc@123,mbox1_user1484@zmc.com
mbox1_user1484@zmc.com,abc@123,mbox1_user1485@zmc.com
mbox1_user1485@zmc.com,abc@123,mbox1_user1486@zmc.com
mbox1_user1486@zmc.com,abc@123,mbox1_user1487@zmc.com
mbox1_user1487@zmc.com,abc@123,mbox1_user1488@zmc.com
mbox1_user1488@zmc.com,abc@123,mbox1_user1489@zmc.com
mbox1_user1489@zmc.com,abc@123,mbox1_user1490@zmc.com
mbox1_user1490@zmc.com,abc@123,mbox1_user1491@zmc.com
mbox1_user1491@zmc.com,abc@123,mbox1_user1492@zmc.com
mbox1_user1492@zmc.com,abc@123,mbox1_user1493@zmc.com
mbox1_user1493@zmc.com,abc@123,mbox1_user1494@zmc.com
mbox1_user1494@zmc.com,abc@123,mbox1_user1495@zmc.com
mbox1_user1495@zmc.com,abc@123,mbox1_user1496@zmc.com
mbox1_user1496@zmc.com,abc@123,mbox1_user1497@zmc.com
mbox1_user1497@zmc.com,abc@123,mbox1_user1498@zmc.com
mbox1_user1498@zmc.com,abc@123,mbox1_user1499@zmc.com
mbox1_user1499@zmc.com,abc@123,mbox1_user1500@zmc.com
mbox1_user1500@zmc.com,abc@123,mbox1_user1501@zmc.com
